Category,NodeName,Timestamp,URI,Description,Notes,Confidence
abiotic,dclde_orcasound_lab_os_9_27_2017_08_03_00_0002,2017_09_27_08_03_00_PST,https://storage.googleapis.com/noaa-passive-bioacoustic/dclde/2027/dclde_2027_killer_whales/orcasound/audio/orcasound_lab/OS_9_27_2017_08_03_00__0002.wav,DCLDE Orcasound full recording; source=OS_9_27_2017_08_03_00__0002.wav; original_classes=AB,dclde_orcasound_full_recording,100
abiotic,dclde_orcasound_lab_os_9_27_2017_08_03_00_0003,2017_09_27_08_03_00_PST,https://storage.googleapis.com/noaa-passive-bioacoustic/dclde/2027/dclde_2027_killer_whales/orcasound/audio/orcasound_lab/OS_9_27_2017_08_03_00__0003.wav,DCLDE Orcasound full recording; source=OS_9_27_2017_08_03_00__0003.wav; original_classes=AB,dclde_orcasound_full_recording,100
abiotic,dclde_orcasound_lab_os_9_27_2017_08_09_00_0000,2017_09_27_08_09_00_PST,https://storage.googleapis.com/noaa-passive-bioacoustic/dclde/2027/dclde_2027_killer_whales/orcasound/audio/orcasound_lab/OS_9_27_2017_08_09_00__0000.wav,DCLDE Orcasound full recording; source=OS_9_27_2017_08_09_00__0000.wav; original_classes=AB,dclde_orcasound_full_recording,100
abiotic,dclde_orcasound_lab_os_9_27_2017_08_14_00_0003,2017_09_27_08_14_00_PST,https://storage.googleapis.com/noaa-passive-bioacoustic/dclde/2027/dclde_2027_killer_whales/orcasound/audio/orcasound_lab/OS_9_27_2017_08_14_00__0003.wav,DCLDE Orcasound full recording; source=OS_9_27_2017_08_14_00__0003.wav; original_classes=AB,dclde_orcasound_full_recording,100
abiotic,dclde_orcasound_lab_os_9_27_2017_08_35_00_0000,2017_09_27_08_35_00_PST,https://storage.googleapis.com/noaa-passive-bioacoustic/dclde/2027/dclde_2027_killer_whales/orcasound/audio/orcasound_lab/OS_9_27_2017_08_35_00__0000.wav,DCLDE Orcasound full recording; source=OS_9_27_2017_08_35_00__0000.wav; original_classes=AB,dclde_orcasound_full_recording,100
abiotic,dclde_orcasound_lab_os_9_27_2017_10_07_00_0004,2017_09_27_10_07_00_PST,https://storage.googleapis.com/noaa-passive-bioacoustic/dclde/2027/dclde_2027_killer_whales/orcasound/audio/orcasound_lab/OS_9_27_2017_10_07_00__0004.wav,DCLDE Orcasound full recording; source=OS_9_27_2017_10_07_00__0004.wav; original_classes=AB,dclde_orcasound_full_recording,100
abiotic,dclde_orcasound_lab_os_9_27_2017_10_28_00_0002,2017_09_27_10_28_00_PST,https://storage.googleapis.com/noaa-passive-bioacoustic/dclde/2027/dclde_2027_killer_whales/orcasound/audio/orcasound_lab/OS_9_27_2017_10_28_00__0002.wav,DCLDE Orcasound full recording; source=OS_9_27_2017_10_28_00__0002.wav; original_classes=AB,dclde_orcasound_full_recording,100
abiotic,dclde_orcasound_lab_os_9_27_2017_10_55_00_0002,2017_09_27_10_55_00_PST,https://storage.googleapis.com/noaa-passive-bioacoustic/dclde/2027/dclde_2027_killer_whales/orcasound/audio/orcasound_lab/OS_9_27_2017_10_55_00__0002.wav,DCLDE Orcasound full recording; source=OS_9_27_2017_10_55_00__0002.wav; original_classes=AB,dclde_orcasound_full_recording,100
abiotic,dclde_orcasound_lab_os_9_27_2017_10_55_00_0003,2017_09_27_10_55_00_PST,https://storage.googleapis.com/noaa-passive-bioacoustic/dclde/2027/dclde_2027_killer_whales/orcasound/audio/orcasound_lab/OS_9_27_2017_10_55_00__0003.wav,DCLDE Orcasound full recording; source=OS_9_27_2017_10_55_00__0003.wav; original_classes=AB,dclde_orcasound_full_recording,100
abiotic,dclde_orcasound_lab_os_9_27_2017_11_00_00_0000,2017_09_27_11_00_00_PST,https://storage.googleapis.com/noaa-passive-bioacoustic/dclde/2027/dclde_2027_killer_whales/orcasound/audio/orcasound_lab/OS_9_27_2017_11_00_00__0000.wav,DCLDE Orcasound full recording; source=OS_9_27_2017_11_00_00__0000.wav; original_classes=AB,dclde_orcasound_full_recording,100
abiotic,dclde_orcasound_lab_os_9_27_2017_11_00_00_0001,2017_09_27_11_00_00_PST,https://storage.googleapis.com/noaa-passive-bioacoustic/dclde/2027/dclde_2027_killer_whales/orcasound/audio/orcasound_lab/OS_9_27_2017_11_00_00__0001.wav,DCLDE Orcasound full recording; source=OS_9_27_2017_11_00_00__0001.wav; original_classes=AB,dclde_orcasound_full_recording,100
abiotic,dclde_orcasound_lab_os_9_27_2017_11_00_00_0002,2017_09_27_11_00_00_PST,https://storage.googleapis.com/noaa-passive-bioacoustic/dclde/2027/dclde_2027_killer_whales/orcasound/audio/orcasound_lab/OS_9_27_2017_11_00_00__0002.wav,DCLDE Orcasound full recording; source=OS_9_27_2017_11_00_00__0002.wav; original_classes=AB,dclde_orcasound_full_recording,100
abiotic,dclde_orcasound_lab_os_9_27_2017_11_00_00_0003,2017_09_27_11_00_00_PST,https://storage.googleapis.com/noaa-passive-bioacoustic/dclde/2027/dclde_2027_killer_whales/orcasound/audio/orcasound_lab/OS_9_27_2017_11_00_00__0003.wav,DCLDE Orcasound full recording; source=OS_9_27_2017_11_00_00__0003.wav; original_classes=AB,dclde_orcasound_full_recording,100
abiotic,dclde_orcasound_lab_os_9_27_2017_11_16_00_0000,2017_09_27_11_16_00_PST,https://storage.googleapis.com/noaa-passive-bioacoustic/dclde/2027/dclde_2027_killer_whales/orcasound/audio/orcasound_lab/OS_9_27_2017_11_16_00__0000.wav,DCLDE Orcasound full recording; source=OS_9_27_2017_11_16_00__0000.wav; original_classes=AB,dclde_orcasound_full_recording,100
abiotic,dclde_orcasound_lab_os_9_27_2017_11_16_00_0001,2017_09_27_11_16_00_PST,https://storage.googleapis.com/noaa-passive-bioacoustic/dclde/2027/dclde_2027_killer_whales/orcasound/audio/orcasound_lab/OS_9_27_2017_11_16_00__0001.wav,DCLDE Orcasound full recording; source=OS_9_27_2017_11_16_00__0001.wav; original_classes=AB,dclde_orcasound_full_recording,100
abiotic,dclde_orcasound_lab_os_9_27_2017_11_16_00_0003,2017_09_27_11_16_00_PST,https://storage.googleapis.com/noaa-passive-bioacoustic/dclde/2027/dclde_2027_killer_whales/orcasound/audio/orcasound_lab/OS_9_27_2017_11_16_00__0003.wav,DCLDE Orcasound full recording; source=OS_9_27_2017_11_16_00__0003.wav; original_classes=AB,dclde_orcasound_full_recording,100
abiotic,dclde_orcasound_lab_os_9_27_2017_11_16_00_0004,2017_09_27_11_16_00_PST,https://storage.googleapis.com/noaa-passive-bioacoustic/dclde/2027/dclde_2027_killer_whales/orcasound/audio/orcasound_lab/OS_9_27_2017_11_16_00__0004.wav,DCLDE Orcasound full recording; source=OS_9_27_2017_11_16_00__0004.wav; original_classes=AB,dclde_orcasound_full_recording,100
abiotic,dclde_orcasound_lab_os_9_27_2017_11_21_00_0000,2017_09_27_11_21_00_PST,https://storage.googleapis.com/noaa-passive-bioacoustic/dclde/2027/dclde_2027_killer_whales/orcasound/audio/orcasound_lab/OS_9_27_2017_11_21_00__0000.wav,DCLDE Orcasound full recording; source=OS_9_27_2017_11_21_00__0000.wav; original_classes=AB,dclde_orcasound_full_recording,100
abiotic,dclde_orcasound_lab_os_9_27_2017_11_21_00_0001,2017_09_27_11_21_00_PST,https://storage.googleapis.com/noaa-passive-bioacoustic/dclde/2027/dclde_2027_killer_whales/orcasound/audio/orcasound_lab/OS_9_27_2017_11_21_00__0001.wav,DCLDE Orcasound full recording; source=OS_9_27_2017_11_21_00__0001.wav; original_classes=AB,dclde_orcasound_full_recording,100
abiotic,dclde_orcasound_lab_os_9_27_2017_11_21_00_0003,2017_09_27_11_21_00_PST,https://storage.googleapis.com/noaa-passive-bioacoustic/dclde/2027/dclde_2027_killer_whales/orcasound/audio/orcasound_lab/OS_9_27_2017_11_21_00__0003.wav,DCLDE Orcasound full recording; source=OS_9_27_2017_11_21_00__0003.wav; original_classes=AB,dclde_orcasound_full_recording,100
abiotic,dclde_orcasound_lab_os_9_27_2017_11_21_00_0004,2017_09_27_11_21_00_PST,https://storage.googleapis.com/noaa-passive-bioacoustic/dclde/2027/dclde_2027_killer_whales/orcasound/audio/orcasound_lab/OS_9_27_2017_11_21_00__0004.wav,DCLDE Orcasound full recording; source=OS_9_27_2017_11_21_00__0004.wav; original_classes=AB,dclde_orcasound_full_recording,100
abiotic,dclde_orcasound_lab_os_9_27_2017_11_26_00_0001,2017_09_27_11_26_00_PST,https://storage.googleapis.com/noaa-passive-bioacoustic/dclde/2027/dclde_2027_killer_whales/orcasound/audio/orcasound_lab/OS_9_27_2017_11_26_00__0001.wav,DCLDE Orcasound full recording; source=OS_9_27_2017_11_26_00__0001.wav; original_classes=AB,dclde_orcasound_full_recording,100
abiotic,dclde_orcasound_lab_os_9_27_2017_11_26_00_0003,2017_09_27_11_26_00_PST,https://storage.googleapis.com/noaa-passive-bioacoustic/dclde/2027/dclde_2027_killer_whales/orcasound/audio/orcasound_lab/OS_9_27_2017_11_26_00__0003.wav,DCLDE Orcasound full recording; source=OS_9_27_2017_11_26_00__0003.wav; original_classes=AB,dclde_orcasound_full_recording,100
abiotic,dclde_orcasound_lab_os_9_27_2017_11_26_00_0004,2017_09_27_11_26_00_PST,https://storage.googleapis.com/noaa-passive-bioacoustic/dclde/2027/dclde_2027_killer_whales/orcasound/audio/orcasound_lab/OS_9_27_2017_11_26_00__0004.wav,DCLDE Orcasound full recording; source=OS_9_27_2017_11_26_00__0004.wav; original_classes=AB,dclde_orcasound_full_recording,100
abiotic,dclde_orcasound_lab_os_9_27_2017_11_32_00_0000,2017_09_27_11_32_00_PST,https://storage.googleapis.com/noaa-passive-bioacoustic/dclde/2027/dclde_2027_killer_whales/orcasound/audio/orcasound_lab/OS_9_27_2017_11_32_00__0000.wav,DCLDE Orcasound full recording; source=OS_9_27_2017_11_32_00__0000.wav; original_classes=AB,dclde_orcasound_full_recording,100
abiotic,dclde_orcasound_lab_os_9_27_2017_11_32_00_0001,2017_09_27_11_32_00_PST,https://storage.googleapis.com/noaa-passive-bioacoustic/dclde/2027/dclde_2027_killer_whales/orcasound/audio/orcasound_lab/OS_9_27_2017_11_32_00__0001.wav,DCLDE Orcasound full recording; source=OS_9_27_2017_11_32_00__0001.wav; original_classes=AB,dclde_orcasound_full_recording,100
abiotic,dclde_orcasound_lab_os_9_27_2017_11_37_00_0000,2017_09_27_11_37_00_PST,https://storage.googleapis.com/noaa-passive-bioacoustic/dclde/2027/dclde_2027_killer_whales/orcasound/audio/orcasound_lab/OS_9_27_2017_11_37_00__0000.wav,DCLDE Orcasound full recording; source=OS_9_27_2017_11_37_00__0000.wav; original_classes=AB,dclde_orcasound_full_recording,100
abiotic,dclde_orcasound_lab_os_9_27_2017_11_37_00_0001,2017_09_27_11_37_00_PST,https://storage.googleapis.com/noaa-passive-bioacoustic/dclde/2027/dclde_2027_killer_whales/orcasound/audio/orcasound_lab/OS_9_27_2017_11_37_00__0001.wav,DCLDE Orcasound full recording; source=OS_9_27_2017_11_37_00__0001.wav; original_classes=AB,dclde_orcasound_full_recording,100
abiotic,dclde_orcasound_lab_os_9_27_2017_11_37_00_0002,2017_09_27_11_37_00_PST,https://storage.googleapis.com/noaa-passive-bioacoustic/dclde/2027/dclde_2027_killer_whales/orcasound/audio/orcasound_lab/OS_9_27_2017_11_37_00__0002.wav,DCLDE Orcasound full recording; source=OS_9_27_2017_11_37_00__0002.wav; original_classes=AB,dclde_orcasound_full_recording,100
abiotic,dclde_orcasound_lab_os_9_27_2017_11_37_00_0003,2017_09_27_11_37_00_PST,https://storage.googleapis.com/noaa-passive-bioacoustic/dclde/2027/dclde_2027_killer_whales/orcasound/audio/orcasound_lab/OS_9_27_2017_11_37_00__0003.wav,DCLDE Orcasound full recording; source=OS_9_27_2017_11_37_00__0003.wav; original_classes=AB,dclde_orcasound_full_recording,100
abiotic,dclde_orcasound_lab_os_9_27_2017_11_37_00_0004,2017_09_27_11_37_00_PST,https://storage.googleapis.com/noaa-passive-bioacoustic/dclde/2027/dclde_2027_killer_whales/orcasound/audio/orcasound_lab/OS_9_27_2017_11_37_00__0004.wav,DCLDE Orcasound full recording; source=OS_9_27_2017_11_37_00__0004.wav; original_classes=AB,dclde_orcasound_full_recording,100
abiotic,dclde_orcasound_lab_os_9_27_2017_11_42_00_0001,2017_09_27_11_42_00_PST,https://storage.googleapis.com/noaa-passive-bioacoustic/dclde/2027/dclde_2027_killer_whales/orcasound/audio/orcasound_lab/OS_9_27_2017_11_42_00__0001.wav,DCLDE Orcasound full recording; source=OS_9_27_2017_11_42_00__0001.wav; original_classes=AB,dclde_orcasound_full_recording,100
abiotic,dclde_orcasound_lab_os_9_27_2017_11_42_00_0002,2017_09_27_11_42_00_PST,https://storage.googleapis.com/noaa-passive-bioacoustic/dclde/2027/dclde_2027_killer_whales/orcasound/audio/orcasound_lab/OS_9_27_2017_11_42_00__0002.wav,DCLDE Orcasound full recording; source=OS_9_27_2017_11_42_00__0002.wav; original_classes=AB,dclde_orcasound_full_recording,100
abiotic,dclde_orcasound_lab_os_9_27_2017_11_42_00_0003,2017_09_27_11_42_00_PST,https://storage.googleapis.com/noaa-passive-bioacoustic/dclde/2027/dclde_2027_killer_whales/orcasound/audio/orcasound_lab/OS_9_27_2017_11_42_00__0003.wav,DCLDE Orcasound full recording; source=OS_9_27_2017_11_42_00__0003.wav; original_classes=AB,dclde_orcasound_full_recording,100
abiotic,dclde_orcasound_lab_os_9_27_2017_11_42_00_0004,2017_09_27_11_42_00_PST,https://storage.googleapis.com/noaa-passive-bioacoustic/dclde/2027/dclde_2027_killer_whales/orcasound/audio/orcasound_lab/OS_9_27_2017_11_42_00__0004.wav,DCLDE Orcasound full recording; source=OS_9_27_2017_11_42_00__0004.wav; original_classes=AB,dclde_orcasound_full_recording,100
abiotic,dclde_orcasound_lab_os_9_27_2017_11_48_00_0000,2017_09_27_11_48_00_PST,https://storage.googleapis.com/noaa-passive-bioacoustic/dclde/2027/dclde_2027_killer_whales/orcasound/audio/orcasound_lab/OS_9_27_2017_11_48_00__0000.wav,DCLDE Orcasound full recording; source=OS_9_27_2017_11_48_00__0000.wav; original_classes=AB,dclde_orcasound_full_recording,100
abiotic,dclde_orcasound_lab_os_9_27_2017_11_48_00_0001,2017_09_27_11_48_00_PST,https://storage.googleapis.com/noaa-passive-bioacoustic/dclde/2027/dclde_2027_killer_whales/orcasound/audio/orcasound_lab/OS_9_27_2017_11_48_00__0001.wav,DCLDE Orcasound full recording; source=OS_9_27_2017_11_48_00__0001.wav; original_classes=AB,dclde_orcasound_full_recording,100
abiotic,dclde_orcasound_lab_os_9_27_2017_11_48_00_0002,2017_09_27_11_48_00_PST,https://storage.googleapis.com/noaa-passive-bioacoustic/dclde/2027/dclde_2027_killer_whales/orcasound/audio/orcasound_lab/OS_9_27_2017_11_48_00__0002.wav,DCLDE Orcasound full recording; source=OS_9_27_2017_11_48_00__0002.wav; original_classes=AB,dclde_orcasound_full_recording,100
abiotic,dclde_orcasound_lab_os_9_27_2017_11_48_00_0003,2017_09_27_11_48_00_PST,https://storage.googleapis.com/noaa-passive-bioacoustic/dclde/2027/dclde_2027_killer_whales/orcasound/audio/orcasound_lab/OS_9_27_2017_11_48_00__0003.wav,DCLDE Orcasound full recording; source=OS_9_27_2017_11_48_00__0003.wav; original_classes=AB,dclde_orcasound_full_recording,100
abiotic,dclde_orcasound_lab_os_9_27_2017_11_48_00_0004,2017_09_27_11_48_00_PST,https://storage.googleapis.com/noaa-passive-bioacoustic/dclde/2027/dclde_2027_killer_whales/orcasound/audio/orcasound_lab/OS_9_27_2017_11_48_00__0004.wav,DCLDE Orcasound full recording; source=OS_9_27_2017_11_48_00__0004.wav; original_classes=AB,dclde_orcasound_full_recording,100
abiotic,dclde_orcasound_lab_os_9_27_2017_11_53_00_0000,2017_09_27_11_53_00_PST,https://storage.googleapis.com/noaa-passive-bioacoustic/dclde/2027/dclde_2027_killer_whales/orcasound/audio/orcasound_lab/OS_9_27_2017_11_53_00__0000.wav,DCLDE Orcasound full recording; source=OS_9_27_2017_11_53_00__0000.wav; original_classes=AB,dclde_orcasound_full_recording,100
abiotic,dclde_orcasound_lab_os_9_27_2017_11_53_00_0002,2017_09_27_11_53_00_PST,https://storage.googleapis.com/noaa-passive-bioacoustic/dclde/2027/dclde_2027_killer_whales/orcasound/audio/orcasound_lab/OS_9_27_2017_11_53_00__0002.wav,DCLDE Orcasound full recording; source=OS_9_27_2017_11_53_00__0002.wav; original_classes=AB,dclde_orcasound_full_recording,100
abiotic,dclde_orcasound_lab_os_9_27_2017_11_53_00_0003,2017_09_27_11_53_00_PST,https://storage.googleapis.com/noaa-passive-bioacoustic/dclde/2027/dclde_2027_killer_whales/orcasound/audio/orcasound_lab/OS_9_27_2017_11_53_00__0003.wav,DCLDE Orcasound full recording; source=OS_9_27_2017_11_53_00__0003.wav; original_classes=AB,dclde_orcasound_full_recording,100
abiotic,dclde_orcasound_lab_os_9_27_2017_11_58_00_0000,2017_09_27_11_58_00_PST,https://storage.googleapis.com/noaa-passive-bioacoustic/dclde/2027/dclde_2027_killer_whales/orcasound/audio/orcasound_lab/OS_9_27_2017_11_58_00__0000.wav,DCLDE Orcasound full recording; source=OS_9_27_2017_11_58_00__0000.wav; original_classes=AB,dclde_orcasound_full_recording,100
abiotic,dclde_orcasound_lab_os_9_27_2017_11_58_00_0002,2017_09_27_11_58_00_PST,https://storage.googleapis.com/noaa-passive-bioacoustic/dclde/2027/dclde_2027_killer_whales/orcasound/audio/orcasound_lab/OS_9_27_2017_11_58_00__0002.wav,DCLDE Orcasound full recording; source=OS_9_27_2017_11_58_00__0002.wav; original_classes=AB,dclde_orcasound_full_recording,100
abiotic,dclde_orcasound_lab_os_9_27_2017_11_58_00_0004,2017_09_27_11_58_00_PST,https://storage.googleapis.com/noaa-passive-bioacoustic/dclde/2027/dclde_2027_killer_whales/orcasound/audio/orcasound_lab/OS_9_27_2017_11_58_00__0004.wav,DCLDE Orcasound full recording; source=OS_9_27_2017_11_58_00__0004.wav; original_classes=AB,dclde_orcasound_full_recording,100
abiotic,rpi_bush_point,2020_09_07_15_10_00_PST,https://storage.googleapis.com/noaa-passive-bioacoustic/dclde/2027/dclde_2027_killer_whales/orcasound/audio/bush_point/rpi-bush-point_2020_09_07_15_10_00.wav,DCLDE Orcasound full recording; source=rpi-bush-point_2020_09_07_15_10_00.wav; original_classes=AB,dclde_orcasound_full_recording,100
abiotic,rpi_bush_point,2020_09_07_15_11_00_PST,https://storage.googleapis.com/noaa-passive-bioacoustic/dclde/2027/dclde_2027_killer_whales/orcasound/audio/bush_point/rpi-bush-point_2020_09_07_15_11_00.wav,DCLDE Orcasound full recording; source=rpi-bush-point_2020_09_07_15_11_00.wav; original_classes=AB,dclde_orcasound_full_recording,100
abiotic,rpi_bush_point,2020_09_07_15_12_00_PST,https://storage.googleapis.com/noaa-passive-bioacoustic/dclde/2027/dclde_2027_killer_whales/orcasound/audio/bush_point/rpi-bush-point_2020_09_07_15_12_00.wav,DCLDE Orcasound full recording; source=rpi-bush-point_2020_09_07_15_12_00.wav; original_classes=AB,dclde_orcasound_full_recording,100
abiotic,rpi_bush_point,2020_09_07_15_13_00_PST,https://storage.googleapis.com/noaa-passive-bioacoustic/dclde/2027/dclde_2027_killer_whales/orcasound/audio/bush_point/rpi-bush-point_2020_09_07_15_13_00.wav,DCLDE Orcasound full recording; source=rpi-bush-point_2020_09_07_15_13_00.wav; original_classes=AB,dclde_orcasound_full_recording,100
abiotic,rpi_bush_point,2020_09_07_15_14_00_PST,https://storage.googleapis.com/noaa-passive-bioacoustic/dclde/2027/dclde_2027_killer_whales/orcasound/audio/bush_point/rpi-bush-point_2020_09_07_15_14_00.wav,DCLDE Orcasound full recording; source=rpi-bush-point_2020_09_07_15_14_00.wav; original_classes=AB,dclde_orcasound_full_recording,100
abiotic,rpi_bush_point,2020_09_07_15_15_00_PST,https://storage.googleapis.com/noaa-passive-bioacoustic/dclde/2027/dclde_2027_killer_whales/orcasound/audio/bush_point/rpi-bush-point_2020_09_07_15_15_00.wav,DCLDE Orcasound full recording; source=rpi-bush-point_2020_09_07_15_15_00.wav; original_classes=AB,dclde_orcasound_full_recording,100
abiotic,rpi_bush_point,2020_09_07_15_16_00_PST,https://storage.googleapis.com/noaa-passive-bioacoustic/dclde/2027/dclde_2027_killer_whales/orcasound/audio/bush_point/rpi-bush-point_2020_09_07_15_16_00.wav,DCLDE Orcasound full recording; source=rpi-bush-point_2020_09_07_15_16_00.wav; original_classes=AB,dclde_orcasound_full_recording,100
abiotic,rpi_bush_point,2020_09_07_15_17_00_PST,https://storage.googleapis.com/noaa-passive-bioacoustic/dclde/2027/dclde_2027_killer_whales/orcasound/audio/bush_point/rpi-bush-point_2020_09_07_15_17_00.wav,DCLDE Orcasound full recording; source=rpi-bush-point_2020_09_07_15_17_00.wav; original_classes=AB,dclde_orcasound_full_recording,100
abiotic,rpi_bush_point,2020_09_07_15_18_00_PST,https://storage.googleapis.com/noaa-passive-bioacoustic/dclde/2027/dclde_2027_killer_whales/orcasound/audio/bush_point/rpi-bush-point_2020_09_07_15_18_00.wav,DCLDE Orcasound full recording; source=rpi-bush-point_2020_09_07_15_18_00.wav; original_classes=AB,dclde_orcasound_full_recording,100
abiotic,rpi_bush_point,2020_09_07_15_19_00_PST,https://storage.googleapis.com/noaa-passive-bioacoustic/dclde/2027/dclde_2027_killer_whales/orcasound/audio/bush_point/rpi-bush-point_2020_09_07_15_19_00.wav,DCLDE Orcasound full recording; source=rpi-bush-point_2020_09_07_15_19_00.wav; original_classes=AB,dclde_orcasound_full_recording,100
abiotic,rpi_bush_point,2020_09_07_15_20_00_PST,https://storage.googleapis.com/noaa-passive-bioacoustic/dclde/2027/dclde_2027_killer_whales/orcasound/audio/bush_point/rpi-bush-point_2020_09_07_15_20_00.wav,DCLDE Orcasound full recording; source=rpi-bush-point_2020_09_07_15_20_00.wav; original_classes=AB,dclde_orcasound_full_recording,100
abiotic,rpi_bush_point,2020_09_07_15_21_00_PST,https://storage.googleapis.com/noaa-passive-bioacoustic/dclde/2027/dclde_2027_killer_whales/orcasound/audio/bush_point/rpi-bush-point_2020_09_07_15_21_00.wav,DCLDE Orcasound full recording; source=rpi-bush-point_2020_09_07_15_21_00.wav; original_classes=AB,dclde_orcasound_full_recording,100
abiotic,rpi_bush_point,2020_09_07_15_22_00_PST,https://storage.googleapis.com/noaa-passive-bioacoustic/dclde/2027/dclde_2027_killer_whales/orcasound/audio/bush_point/rpi-bush-point_2020_09_07_15_22_00.wav,DCLDE Orcasound full recording; source=rpi-bush-point_2020_09_07_15_22_00.wav; original_classes=AB,dclde_orcasound_full_recording,100
abiotic,rpi_bush_point,2020_09_07_15_23_00_PST,https://storage.googleapis.com/noaa-passive-bioacoustic/dclde/2027/dclde_2027_killer_whales/orcasound/audio/bush_point/rpi-bush-point_2020_09_07_15_23_00.wav,DCLDE Orcasound full recording; source=rpi-bush-point_2020_09_07_15_23_00.wav; original_classes=AB,dclde_orcasound_full_recording,100
abiotic,rpi_bush_point,2020_09_07_15_24_00_PST,https://storage.googleapis.com/noaa-passive-bioacoustic/dclde/2027/dclde_2027_killer_whales/orcasound/audio/bush_point/rpi-bush-point_2020_09_07_15_24_00.wav,DCLDE Orcasound full recording; source=rpi-bush-point_2020_09_07_15_24_00.wav; original_classes=AB,dclde_orcasound_full_recording,100
abiotic,rpi_bush_point,2020_09_07_15_25_00_PST,https://storage.googleapis.com/noaa-passive-bioacoustic/dclde/2027/dclde_2027_killer_whales/orcasound/audio/bush_point/rpi-bush-point_2020_09_07_15_25_00.wav,DCLDE Orcasound full recording; source=rpi-bush-point_2020_09_07_15_25_00.wav; original_classes=AB,dclde_orcasound_full_recording,100
abiotic,rpi_bush_point,2020_09_07_15_26_00_PST,https://storage.googleapis.com/noaa-passive-bioacoustic/dclde/2027/dclde_2027_killer_whales/orcasound/audio/bush_point/rpi-bush-point_2020_09_07_15_26_00.wav,DCLDE Orcasound full recording; source=rpi-bush-point_2020_09_07_15_26_00.wav; original_classes=AB,dclde_orcasound_full_recording,100
abiotic,rpi_bush_point,2020_09_07_15_27_00_PST,https://storage.googleapis.com/noaa-passive-bioacoustic/dclde/2027/dclde_2027_killer_whales/orcasound/audio/bush_point/rpi-bush-point_2020_09_07_15_27_00.wav,DCLDE Orcasound full recording; source=rpi-bush-point_2020_09_07_15_27_00.wav; original_classes=AB,dclde_orcasound_full_recording,100
abiotic,rpi_bush_point,2020_09_07_15_28_00_PST,https://storage.googleapis.com/noaa-passive-bioacoustic/dclde/2027/dclde_2027_killer_whales/orcasound/audio/bush_point/rpi-bush-point_2020_09_07_15_28_00.wav,DCLDE Orcasound full recording; source=rpi-bush-point_2020_09_07_15_28_00.wav; original_classes=AB,dclde_orcasound_full_recording,100
abiotic,rpi_bush_point,2020_09_07_15_29_00_PST,https://storage.googleapis.com/noaa-passive-bioacoustic/dclde/2027/dclde_2027_killer_whales/orcasound/audio/bush_point/rpi-bush-point_2020_09_07_15_29_00.wav,DCLDE Orcasound full recording; source=rpi-bush-point_2020_09_07_15_29_00.wav; original_classes=AB,dclde_orcasound_full_recording,100
abiotic,rpi_bush_point,2020_09_07_15_30_00_PST,https://storage.googleapis.com/noaa-passive-bioacoustic/dclde/2027/dclde_2027_killer_whales/orcasound/audio/bush_point/rpi-bush-point_2020_09_07_15_30_00.wav,DCLDE Orcasound full recording; source=rpi-bush-point_2020_09_07_15_30_00.wav; original_classes=AB,dclde_orcasound_full_recording,100
abiotic,rpi_bush_point,2020_09_27_23_34_00_PST,https://storage.googleapis.com/noaa-passive-bioacoustic/dclde/2027/dclde_2027_killer_whales/orcasound/audio/bush_point/rpi-bush-point_2020_09_27_23_34_00.wav,DCLDE Orcasound full recording; source=rpi-bush-point_2020_09_27_23_34_00.wav; original_classes=AB,dclde_orcasound_full_recording,100
abiotic,rpi_bush_point,2020_09_27_23_35_00_PST,https://storage.googleapis.com/noaa-passive-bioacoustic/dclde/2027/dclde_2027_killer_whales/orcasound/audio/bush_point/rpi-bush-point_2020_09_27_23_35_00.wav,DCLDE Orcasound full recording; source=rpi-bush-point_2020_09_27_23_35_00.wav; original_classes=AB,dclde_orcasound_full_recording,100
abiotic,rpi_bush_point,2020_09_27_23_42_00_PST,https://storage.googleapis.com/noaa-passive-bioacoustic/dclde/2027/dclde_2027_killer_whales/orcasound/audio/bush_point/rpi-bush-point_2020_09_27_23_42_00.wav,DCLDE Orcasound full recording; source=rpi-bush-point_2020_09_27_23_42_00.wav; original_classes=AB,dclde_orcasound_full_recording,100
abiotic,rpi_bush_point,2020_09_27_23_43_00_PST,https://storage.googleapis.com/noaa-passive-bioacoustic/dclde/2027/dclde_2027_killer_whales/orcasound/audio/bush_point/rpi-bush-point_2020_09_27_23_43_00.wav,DCLDE Orcasound full recording; source=rpi-bush-point_2020_09_27_23_43_00.wav; original_classes=AB,dclde_orcasound_full_recording,100
abiotic,rpi_bush_point,2020_09_27_23_48_00_PST,https://storage.googleapis.com/noaa-passive-bioacoustic/dclde/2027/dclde_2027_killer_whales/orcasound/audio/bush_point/rpi-bush-point_2020_09_27_23_48_00.wav,DCLDE Orcasound full recording; source=rpi-bush-point_2020_09_27_23_48_00.wav; original_classes=AB,dclde_orcasound_full_recording,100
abiotic,rpi_bush_point,2020_09_27_23_50_00_PST,https://storage.googleapis.com/noaa-passive-bioacoustic/dclde/2027/dclde_2027_killer_whales/orcasound/audio/bush_point/rpi-bush-point_2020_09_27_23_50_00.wav,DCLDE Orcasound full recording; source=rpi-bush-point_2020_09_27_23_50_00.wav; original_classes=AB,dclde_orcasound_full_recording,100
abiotic,rpi_bush_point,2020_09_27_23_51_00_PST,https://storage.googleapis.com/noaa-passive-bioacoustic/dclde/2027/dclde_2027_killer_whales/orcasound/audio/bush_point/rpi-bush-point_2020_09_27_23_51_00.wav,DCLDE Orcasound full recording; source=rpi-bush-point_2020_09_27_23_51_00.wav; original_classes=AB,dclde_orcasound_full_recording,100
abiotic,rpi_bush_point,2020_09_27_23_52_00_PST,https://storage.googleapis.com/noaa-passive-bioacoustic/dclde/2027/dclde_2027_killer_whales/orcasound/audio/bush_point/rpi-bush-point_2020_09_27_23_52_00.wav,DCLDE Orcasound full recording; source=rpi-bush-point_2020_09_27_23_52_00.wav; original_classes=AB,dclde_orcasound_full_recording,100
abiotic,rpi_bush_point,2020_09_27_23_53_00_PST,https://storage.googleapis.com/noaa-passive-bioacoustic/dclde/2027/dclde_2027_killer_whales/orcasound/audio/bush_point/rpi-bush-point_2020_09_27_23_53_00.wav,DCLDE Orcasound full recording; source=rpi-bush-point_2020_09_27_23_53_00.wav; original_classes=AB,dclde_orcasound_full_recording,100
abiotic,rpi_bush_point,2020_09_27_23_55_00_PST,https://storage.googleapis.com/noaa-passive-bioacoustic/dclde/2027/dclde_2027_killer_whales/orcasound/audio/bush_point/rpi-bush-point_2020_09_27_23_55_00.wav,DCLDE Orcasound full recording; source=rpi-bush-point_2020_09_27_23_55_00.wav; original_classes=AB,dclde_orcasound_full_recording,100
abiotic,rpi_bush_point,2020_09_27_23_56_00_PST,https://storage.googleapis.com/noaa-passive-bioacoustic/dclde/2027/dclde_2027_killer_whales/orcasound/audio/bush_point/rpi-bush-point_2020_09_27_23_56_00.wav,DCLDE Orcasound full recording; source=rpi-bush-point_2020_09_27_23_56_00.wav; original_classes=AB,dclde_orcasound_full_recording,100
abiotic,rpi_bush_point,2020_09_27_23_57_00_PST,https://storage.googleapis.com/noaa-passive-bioacoustic/dclde/2027/dclde_2027_killer_whales/orcasound/audio/bush_point/rpi-bush-point_2020_09_27_23_57_00.wav,DCLDE Orcasound full recording; source=rpi-bush-point_2020_09_27_23_57_00.wav; original_classes=AB,dclde_orcasound_full_recording,100
abiotic,rpi_bush_point,2020_09_27_23_58_00_PST,https://storage.googleapis.com/noaa-passive-bioacoustic/dclde/2027/dclde_2027_killer_whales/orcasound/audio/bush_point/rpi-bush-point_2020_09_27_23_58_00.wav,DCLDE Orcasound full recording; source=rpi-bush-point_2020_09_27_23_58_00.wav; original_classes=AB,dclde_orcasound_full_recording,100
abiotic,rpi_bush_point,2020_09_27_23_59_00_PST,https://storage.googleapis.com/noaa-passive-bioacoustic/dclde/2027/dclde_2027_killer_whales/orcasound/audio/bush_point/rpi-bush-point_2020_09_27_23_59_00.wav,DCLDE Orcasound full recording; source=rpi-bush-point_2020_09_27_23_59_00.wav; original_classes=AB,dclde_orcasound_full_recording,100
abiotic,rpi_bush_point,2020_09_28_00_00_00_PST,https://storage.googleapis.com/noaa-passive-bioacoustic/dclde/2027/dclde_2027_killer_whales/orcasound/audio/bush_point/rpi-bush-point_2020_09_28_00_00_00.wav,DCLDE Orcasound full recording; source=rpi-bush-point_2020_09_28_00_00_00.wav; original_classes=AB,dclde_orcasound_full_recording,100
abiotic,rpi_bush_point,2020_09_28_00_01_00_PST,https://storage.googleapis.com/noaa-passive-bioacoustic/dclde/2027/dclde_2027_killer_whales/orcasound/audio/bush_point/rpi-bush-point_2020_09_28_00_01_00.wav,DCLDE Orcasound full recording; source=rpi-bush-point_2020_09_28_00_01_00.wav; original_classes=AB,dclde_orcasound_full_recording,100
abiotic,rpi_bush_point,2020_09_28_00_02_00_PST,https://storage.googleapis.com/noaa-passive-bioacoustic/dclde/2027/dclde_2027_killer_whales/orcasound/audio/bush_point/rpi-bush-point_2020_09_28_00_02_00.wav,DCLDE Orcasound full recording; source=rpi-bush-point_2020_09_28_00_02_00.wav; original_classes=AB,dclde_orcasound_full_recording,100
abiotic,rpi_bush_point,2020_09_28_00_03_00_PST,https://storage.googleapis.com/noaa-passive-bioacoustic/dclde/2027/dclde_2027_killer_whales/orcasound/audio/bush_point/rpi-bush-point_2020_09_28_00_03_00.wav,DCLDE Orcasound full recording; source=rpi-bush-point_2020_09_28_00_03_00.wav; original_classes=AB,dclde_orcasound_full_recording,100
abiotic,rpi_bush_point,2020_09_28_00_04_00_PST,https://storage.googleapis.com/noaa-passive-bioacoustic/dclde/2027/dclde_2027_killer_whales/orcasound/audio/bush_point/rpi-bush-point_2020_09_28_00_04_00.wav,DCLDE Orcasound full recording; source=rpi-bush-point_2020_09_28_00_04_00.wav; original_classes=AB,dclde_orcasound_full_recording,100
abiotic,rpi_bush_point,2020_09_28_00_05_00_PST,https://storage.googleapis.com/noaa-passive-bioacoustic/dclde/2027/dclde_2027_killer_whales/orcasound/audio/bush_point/rpi-bush-point_2020_09_28_00_05_00.wav,DCLDE Orcasound full recording; source=rpi-bush-point_2020_09_28_00_05_00.wav; original_classes=AB,dclde_orcasound_full_recording,100
abiotic,rpi_bush_point,2020_09_28_00_06_00_PST,https://storage.googleapis.com/noaa-passive-bioacoustic/dclde/2027/dclde_2027_killer_whales/orcasound/audio/bush_point/rpi-bush-point_2020_09_28_00_06_00.wav,DCLDE Orcasound full recording; source=rpi-bush-point_2020_09_28_00_06_00.wav; original_classes=AB,dclde_orcasound_full_recording,100
abiotic,rpi_bush_point,2020_09_28_00_07_00_PST,https://storage.googleapis.com/noaa-passive-bioacoustic/dclde/2027/dclde_2027_killer_whales/orcasound/audio/bush_point/rpi-bush-point_2020_09_28_00_07_00.wav,DCLDE Orcasound full recording; source=rpi-bush-point_2020_09_28_00_07_00.wav; original_classes=AB,dclde_orcasound_full_recording,100
abiotic,rpi_bush_point,2020_09_28_00_08_00_PST,https://storage.googleapis.com/noaa-passive-bioacoustic/dclde/2027/dclde_2027_killer_whales/orcasound/audio/bush_point/rpi-bush-point_2020_09_28_00_08_00.wav,DCLDE Orcasound full recording; source=rpi-bush-point_2020_09_28_00_08_00.wav; original_classes=AB,dclde_orcasound_full_recording,100
abiotic,rpi_bush_point,2020_09_28_00_09_00_PST,https://storage.googleapis.com/noaa-passive-bioacoustic/dclde/2027/dclde_2027_killer_whales/orcasound/audio/bush_point/rpi-bush-point_2020_09_28_00_09_00.wav,DCLDE Orcasound full recording; source=rpi-bush-point_2020_09_28_00_09_00.wav; original_classes=AB,dclde_orcasound_full_recording,100
abiotic,rpi_bush_point,2020_09_28_00_10_00_PST,https://storage.googleapis.com/noaa-passive-bioacoustic/dclde/2027/dclde_2027_killer_whales/orcasound/audio/bush_point/rpi-bush-point_2020_09_28_00_10_00.wav,DCLDE Orcasound full recording; source=rpi-bush-point_2020_09_28_00_10_00.wav; original_classes=AB,dclde_orcasound_full_recording,100
abiotic,rpi_bush_point,2020_09_28_00_11_00_PST,https://storage.googleapis.com/noaa-passive-bioacoustic/dclde/2027/dclde_2027_killer_whales/orcasound/audio/bush_point/rpi-bush-point_2020_09_28_00_11_00.wav,DCLDE Orcasound full recording; source=rpi-bush-point_2020_09_28_00_11_00.wav; original_classes=AB,dclde_orcasound_full_recording,100
abiotic,rpi_bush_point,2020_09_28_00_12_00_PST,https://storage.googleapis.com/noaa-passive-bioacoustic/dclde/2027/dclde_2027_killer_whales/orcasound/audio/bush_point/rpi-bush-point_2020_09_28_00_12_00.wav,DCLDE Orcasound full recording; source=rpi-bush-point_2020_09_28_00_12_00.wav; original_classes=AB,dclde_orcasound_full_recording,100
abiotic,rpi_bush_point,2020_09_28_00_13_00_PST,https://storage.googleapis.com/noaa-passive-bioacoustic/dclde/2027/dclde_2027_killer_whales/orcasound/audio/bush_point/rpi-bush-point_2020_09_28_00_13_00.wav,DCLDE Orcasound full recording; source=rpi-bush-point_2020_09_28_00_13_00.wav; original_classes=AB,dclde_orcasound_full_recording,100
abiotic,rpi_bush_point,2020_10_18_02_00_00_PST,https://storage.googleapis.com/noaa-passive-bioacoustic/dclde/2027/dclde_2027_killer_whales/orcasound/audio/bush_point/rpi-bush-point_2020_10_18_02_00_00.wav,DCLDE Orcasound full recording; source=rpi-bush-point_2020_10_18_02_00_00.wav; original_classes=AB,dclde_orcasound_full_recording,100
abiotic,rpi_bush_point,2020_10_18_02_01_00_PST,https://storage.googleapis.com/noaa-passive-bioacoustic/dclde/2027/dclde_2027_killer_whales/orcasound/audio/bush_point/rpi-bush-point_2020_10_18_02_01_00.wav,DCLDE Orcasound full recording; source=rpi-bush-point_2020_10_18_02_01_00.wav; original_classes=AB,dclde_orcasound_full_recording,100
abiotic,rpi_bush_point,2020_10_18_02_02_00_PST,https://storage.googleapis.com/noaa-passive-bioacoustic/dclde/2027/dclde_2027_killer_whales/orcasound/audio/bush_point/rpi-bush-point_2020_10_18_02_02_00.wav,DCLDE Orcasound full recording; source=rpi-bush-point_2020_10_18_02_02_00.wav; original_classes=AB,dclde_orcasound_full_recording,100
abiotic,rpi_bush_point,2020_10_18_02_03_00_PST,https://storage.googleapis.com/noaa-passive-bioacoustic/dclde/2027/dclde_2027_killer_whales/orcasound/audio/bush_point/rpi-bush-point_2020_10_18_02_03_00.wav,DCLDE Orcasound full recording; source=rpi-bush-point_2020_10_18_02_03_00.wav; original_classes=AB,dclde_orcasound_full_recording,100
abiotic,rpi_bush_point,2020_10_18_02_04_00_PST,https://storage.googleapis.com/noaa-passive-bioacoustic/dclde/2027/dclde_2027_killer_whales/orcasound/audio/bush_point/rpi-bush-point_2020_10_18_02_04_00.wav,DCLDE Orcasound full recording; source=rpi-bush-point_2020_10_18_02_04_00.wav; original_classes=AB,dclde_orcasound_full_recording,100
abiotic,rpi_bush_point,2020_10_18_02_05_00_PST,https://storage.googleapis.com/noaa-passive-bioacoustic/dclde/2027/dclde_2027_killer_whales/orcasound/audio/bush_point/rpi-bush-point_2020_10_18_02_05_00.wav,DCLDE Orcasound full recording; source=rpi-bush-point_2020_10_18_02_05_00.wav; original_classes=AB,dclde_orcasound_full_recording,100
abiotic,rpi_bush_point,2020_10_18_02_06_00_PST,https://storage.googleapis.com/noaa-passive-bioacoustic/dclde/2027/dclde_2027_killer_whales/orcasound/audio/bush_point/rpi-bush-point_2020_10_18_02_06_00.wav,DCLDE Orcasound full recording; source=rpi-bush-point_2020_10_18_02_06_00.wav; original_classes=AB,dclde_orcasound_full_recording,100
abiotic,rpi_bush_point,2020_10_18_02_07_00_PST,https://storage.googleapis.com/noaa-passive-bioacoustic/dclde/2027/dclde_2027_killer_whales/orcasound/audio/bush_point/rpi-bush-point_2020_10_18_02_07_00.wav,DCLDE Orcasound full recording; source=rpi-bush-point_2020_10_18_02_07_00.wav; original_classes=AB,dclde_orcasound_full_recording,100
abiotic,rpi_bush_point,2020_10_18_02_08_00_PST,https://storage.googleapis.com/noaa-passive-bioacoustic/dclde/2027/dclde_2027_killer_whales/orcasound/audio/bush_point/rpi-bush-point_2020_10_18_02_08_00.wav,DCLDE Orcasound full recording; source=rpi-bush-point_2020_10_18_02_08_00.wav; original_classes=AB,dclde_orcasound_full_recording,100
abiotic,rpi_bush_point,2020_10_18_02_09_00_PST,https://storage.googleapis.com/noaa-passive-bioacoustic/dclde/2027/dclde_2027_killer_whales/orcasound/audio/bush_point/rpi-bush-point_2020_10_18_02_09_00.wav,DCLDE Orcasound full recording; source=rpi-bush-point_2020_10_18_02_09_00.wav; original_classes=AB,dclde_orcasound_full_recording,100
abiotic,rpi_bush_point,2020_10_18_02_10_00_PST,https://storage.googleapis.com/noaa-passive-bioacoustic/dclde/2027/dclde_2027_killer_whales/orcasound/audio/bush_point/rpi-bush-point_2020_10_18_02_10_00.wav,DCLDE Orcasound full recording; source=rpi-bush-point_2020_10_18_02_10_00.wav; original_classes=AB,dclde_orcasound_full_recording,100
abiotic,rpi_bush_point,2020_10_18_02_11_00_PST,https://storage.googleapis.com/noaa-passive-bioacoustic/dclde/2027/dclde_2027_killer_whales/orcasound/audio/bush_point/rpi-bush-point_2020_10_18_02_11_00.wav,DCLDE Orcasound full recording; source=rpi-bush-point_2020_10_18_02_11_00.wav; original_classes=AB,dclde_orcasound_full_recording,100
abiotic,rpi_bush_point,2020_10_18_02_12_00_PST,https://storage.googleapis.com/noaa-passive-bioacoustic/dclde/2027/dclde_2027_killer_whales/orcasound/audio/bush_point/rpi-bush-point_2020_10_18_02_12_00.wav,DCLDE Orcasound full recording; source=rpi-bush-point_2020_10_18_02_12_00.wav; original_classes=AB,dclde_orcasound_full_recording,100
abiotic,rpi_bush_point,2020_10_18_02_13_00_PST,https://storage.googleapis.com/noaa-passive-bioacoustic/dclde/2027/dclde_2027_killer_whales/orcasound/audio/bush_point/rpi-bush-point_2020_10_18_02_13_00.wav,DCLDE Orcasound full recording; source=rpi-bush-point_2020_10_18_02_13_00.wav; original_classes=AB,dclde_orcasound_full_recording,100
abiotic,rpi_bush_point,2020_10_18_02_14_00_PST,https://storage.googleapis.com/noaa-passive-bioacoustic/dclde/2027/dclde_2027_killer_whales/orcasound/audio/bush_point/rpi-bush-point_2020_10_18_02_14_00.wav,DCLDE Orcasound full recording; source=rpi-bush-point_2020_10_18_02_14_00.wav; original_classes=AB,dclde_orcasound_full_recording,100
abiotic,rpi_bush_point,2020_10_18_02_15_00_PST,https://storage.googleapis.com/noaa-passive-bioacoustic/dclde/2027/dclde_2027_killer_whales/orcasound/audio/bush_point/rpi-bush-point_2020_10_18_02_15_00.wav,DCLDE Orcasound full recording; source=rpi-bush-point_2020_10_18_02_15_00.wav; original_classes=AB,dclde_orcasound_full_recording,100
abiotic,rpi_bush_point,2020_10_18_05_00_00_PST,https://storage.googleapis.com/noaa-passive-bioacoustic/dclde/2027/dclde_2027_killer_whales/orcasound/audio/bush_point/rpi-bush-point_2020_10_18_05_00_00.wav,DCLDE Orcasound full recording; source=rpi-bush-point_2020_10_18_05_00_00.wav; original_classes=AB,dclde_orcasound_full_recording,100
abiotic,rpi_bush_point,2020_10_18_05_01_00_PST,https://storage.googleapis.com/noaa-passive-bioacoustic/dclde/2027/dclde_2027_killer_whales/orcasound/audio/bush_point/rpi-bush-point_2020_10_18_05_01_00.wav,DCLDE Orcasound full recording; source=rpi-bush-point_2020_10_18_05_01_00.wav; original_classes=AB,dclde_orcasound_full_recording,100
abiotic,rpi_bush_point,2020_10_18_05_02_00_PST,https://storage.googleapis.com/noaa-passive-bioacoustic/dclde/2027/dclde_2027_killer_whales/orcasound/audio/bush_point/rpi-bush-point_2020_10_18_05_02_00.wav,DCLDE Orcasound full recording; source=rpi-bush-point_2020_10_18_05_02_00.wav; original_classes=AB,dclde_orcasound_full_recording,100
abiotic,rpi_bush_point,2020_10_18_05_03_00_PST,https://storage.googleapis.com/noaa-passive-bioacoustic/dclde/2027/dclde_2027_killer_whales/orcasound/audio/bush_point/rpi-bush-point_2020_10_18_05_03_00.wav,DCLDE Orcasound full recording; source=rpi-bush-point_2020_10_18_05_03_00.wav; original_classes=AB,dclde_orcasound_full_recording,100
abiotic,rpi_bush_point,2020_10_18_05_04_00_PST,https://storage.googleapis.com/noaa-passive-bioacoustic/dclde/2027/dclde_2027_killer_whales/orcasound/audio/bush_point/rpi-bush-point_2020_10_18_05_04_00.wav,DCLDE Orcasound full recording; source=rpi-bush-point_2020_10_18_05_04_00.wav; original_classes=AB,dclde_orcasound_full_recording,100
abiotic,rpi_bush_point,2020_10_18_05_05_00_PST,https://storage.googleapis.com/noaa-passive-bioacoustic/dclde/2027/dclde_2027_killer_whales/orcasound/audio/bush_point/rpi-bush-point_2020_10_18_05_05_00.wav,DCLDE Orcasound full recording; source=rpi-bush-point_2020_10_18_05_05_00.wav; original_classes=AB,dclde_orcasound_full_recording,100
abiotic,rpi_bush_point,2020_10_18_05_06_00_PST,https://storage.googleapis.com/noaa-passive-bioacoustic/dclde/2027/dclde_2027_killer_whales/orcasound/audio/bush_point/rpi-bush-point_2020_10_18_05_06_00.wav,DCLDE Orcasound full recording; source=rpi-bush-point_2020_10_18_05_06_00.wav; original_classes=AB,dclde_orcasound_full_recording,100
abiotic,rpi_bush_point,2020_10_18_05_07_00_PST,https://storage.googleapis.com/noaa-passive-bioacoustic/dclde/2027/dclde_2027_killer_whales/orcasound/audio/bush_point/rpi-bush-point_2020_10_18_05_07_00.wav,DCLDE Orcasound full recording; source=rpi-bush-point_2020_10_18_05_07_00.wav; original_classes=AB,dclde_orcasound_full_recording,100
abiotic,rpi_bush_point,2020_10_18_05_08_00_PST,https://storage.googleapis.com/noaa-passive-bioacoustic/dclde/2027/dclde_2027_killer_whales/orcasound/audio/bush_point/rpi-bush-point_2020_10_18_05_08_00.wav,DCLDE Orcasound full recording; source=rpi-bush-point_2020_10_18_05_08_00.wav; original_classes=AB,dclde_orcasound_full_recording,100
abiotic,rpi_bush_point,2020_10_18_05_09_00_PST,https://storage.googleapis.com/noaa-passive-bioacoustic/dclde/2027/dclde_2027_killer_whales/orcasound/audio/bush_point/rpi-bush-point_2020_10_18_05_09_00.wav,DCLDE Orcasound full recording; source=rpi-bush-point_2020_10_18_05_09_00.wav; original_classes=AB,dclde_orcasound_full_recording,100
abiotic,rpi_bush_point,2020_10_18_05_10_00_PST,https://storage.googleapis.com/noaa-passive-bioacoustic/dclde/2027/dclde_2027_killer_whales/orcasound/audio/bush_point/rpi-bush-point_2020_10_18_05_10_00.wav,DCLDE Orcasound full recording; source=rpi-bush-point_2020_10_18_05_10_00.wav; original_classes=AB,dclde_orcasound_full_recording,100
abiotic,rpi_bush_point,2020_10_18_05_11_00_PST,https://storage.googleapis.com/noaa-passive-bioacoustic/dclde/2027/dclde_2027_killer_whales/orcasound/audio/bush_point/rpi-bush-point_2020_10_18_05_11_00.wav,DCLDE Orcasound full recording; source=rpi-bush-point_2020_10_18_05_11_00.wav; original_classes=AB,dclde_orcasound_full_recording,100
abiotic,rpi_bush_point,2020_10_18_05_12_00_PST,https://storage.googleapis.com/noaa-passive-bioacoustic/dclde/2027/dclde_2027_killer_whales/orcasound/audio/bush_point/rpi-bush-point_2020_10_18_05_12_00.wav,DCLDE Orcasound full recording; source=rpi-bush-point_2020_10_18_05_12_00.wav; original_classes=AB,dclde_orcasound_full_recording,100
abiotic,rpi_bush_point,2020_10_18_05_13_00_PST,https://storage.googleapis.com/noaa-passive-bioacoustic/dclde/2027/dclde_2027_killer_whales/orcasound/audio/bush_point/rpi-bush-point_2020_10_18_05_13_00.wav,DCLDE Orcasound full recording; source=rpi-bush-point_2020_10_18_05_13_00.wav; original_classes=AB,dclde_orcasound_full_recording,100
abiotic,rpi_bush_point,2020_10_18_05_14_00_PST,https://storage.googleapis.com/noaa-passive-bioacoustic/dclde/2027/dclde_2027_killer_whales/orcasound/audio/bush_point/rpi-bush-point_2020_10_18_05_14_00.wav,DCLDE Orcasound full recording; source=rpi-bush-point_2020_10_18_05_14_00.wav; original_classes=AB,dclde_orcasound_full_recording,100
abiotic,rpi_bush_point,2020_10_18_05_15_00_PST,https://storage.googleapis.com/noaa-passive-bioacoustic/dclde/2027/dclde_2027_killer_whales/orcasound/audio/bush_point/rpi-bush-point_2020_10_18_05_15_00.wav,DCLDE Orcasound full recording; source=rpi-bush-point_2020_10_18_05_15_00.wav; original_classes=AB,dclde_orcasound_full_recording,100
abiotic,rpi_bush_point,2020_10_18_05_16_00_PST,https://storage.googleapis.com/noaa-passive-bioacoustic/dclde/2027/dclde_2027_killer_whales/orcasound/audio/bush_point/rpi-bush-point_2020_10_18_05_16_00.wav,DCLDE Orcasound full recording; source=rpi-bush-point_2020_10_18_05_16_00.wav; original_classes=AB,dclde_orcasound_full_recording,100
abiotic,rpi_bush_point,2020_10_18_12_00_00_PST,https://storage.googleapis.com/noaa-passive-bioacoustic/dclde/2027/dclde_2027_killer_whales/orcasound/audio/bush_point/rpi-bush-point_2020_10_18_12_00_00.wav,DCLDE Orcasound full recording; source=rpi-bush-point_2020_10_18_12_00_00.wav; original_classes=AB,dclde_orcasound_full_recording,100
abiotic,rpi_bush_point,2020_10_18_12_01_00_PST,https://storage.googleapis.com/noaa-passive-bioacoustic/dclde/2027/dclde_2027_killer_whales/orcasound/audio/bush_point/rpi-bush-point_2020_10_18_12_01_00.wav,DCLDE Orcasound full recording; source=rpi-bush-point_2020_10_18_12_01_00.wav; original_classes=AB,dclde_orcasound_full_recording,100
abiotic,rpi_bush_point,2020_10_18_12_02_00_PST,https://storage.googleapis.com/noaa-passive-bioacoustic/dclde/2027/dclde_2027_killer_whales/orcasound/audio/bush_point/rpi-bush-point_2020_10_18_12_02_00.wav,DCLDE Orcasound full recording; source=rpi-bush-point_2020_10_18_12_02_00.wav; original_classes=AB,dclde_orcasound_full_recording,100
abiotic,rpi_bush_point,2020_10_18_12_03_00_PST,https://storage.googleapis.com/noaa-passive-bioacoustic/dclde/2027/dclde_2027_killer_whales/orcasound/audio/bush_point/rpi-bush-point_2020_10_18_12_03_00.wav,DCLDE Orcasound full recording; source=rpi-bush-point_2020_10_18_12_03_00.wav; original_classes=AB,dclde_orcasound_full_recording,100
abiotic,rpi_bush_point,2020_10_18_12_04_00_PST,https://storage.googleapis.com/noaa-passive-bioacoustic/dclde/2027/dclde_2027_killer_whales/orcasound/audio/bush_point/rpi-bush-point_2020_10_18_12_04_00.wav,DCLDE Orcasound full recording; source=rpi-bush-point_2020_10_18_12_04_00.wav; original_classes=AB,dclde_orcasound_full_recording,100
abiotic,rpi_bush_point,2020_10_18_12_05_00_PST,https://storage.googleapis.com/noaa-passive-bioacoustic/dclde/2027/dclde_2027_killer_whales/orcasound/audio/bush_point/rpi-bush-point_2020_10_18_12_05_00.wav,DCLDE Orcasound full recording; source=rpi-bush-point_2020_10_18_12_05_00.wav; original_classes=AB,dclde_orcasound_full_recording,100
abiotic,rpi_bush_point,2020_10_18_12_06_00_PST,https://storage.googleapis.com/noaa-passive-bioacoustic/dclde/2027/dclde_2027_killer_whales/orcasound/audio/bush_point/rpi-bush-point_2020_10_18_12_06_00.wav,DCLDE Orcasound full recording; source=rpi-bush-point_2020_10_18_12_06_00.wav; original_classes=AB,dclde_orcasound_full_recording,100
abiotic,rpi_bush_point,2020_10_18_12_07_00_PST,https://storage.googleapis.com/noaa-passive-bioacoustic/dclde/2027/dclde_2027_killer_whales/orcasound/audio/bush_point/rpi-bush-point_2020_10_18_12_07_00.wav,DCLDE Orcasound full recording; source=rpi-bush-point_2020_10_18_12_07_00.wav; original_classes=AB,dclde_orcasound_full_recording,100
abiotic,rpi_bush_point,2020_10_18_12_08_00_PST,https://storage.googleapis.com/noaa-passive-bioacoustic/dclde/2027/dclde_2027_killer_whales/orcasound/audio/bush_point/rpi-bush-point_2020_10_18_12_08_00.wav,DCLDE Orcasound full recording; source=rpi-bush-point_2020_10_18_12_08_00.wav; original_classes=AB,dclde_orcasound_full_recording,100
abiotic,rpi_bush_point,2020_10_18_12_09_00_PST,https://storage.googleapis.com/noaa-passive-bioacoustic/dclde/2027/dclde_2027_killer_whales/orcasound/audio/bush_point/rpi-bush-point_2020_10_18_12_09_00.wav,DCLDE Orcasound full recording; source=rpi-bush-point_2020_10_18_12_09_00.wav; original_classes=AB,dclde_orcasound_full_recording,100
abiotic,rpi_bush_point,2020_10_18_12_10_00_PST,https://storage.googleapis.com/noaa-passive-bioacoustic/dclde/2027/dclde_2027_killer_whales/orcasound/audio/bush_point/rpi-bush-point_2020_10_18_12_10_00.wav,DCLDE Orcasound full recording; source=rpi-bush-point_2020_10_18_12_10_00.wav; original_classes=AB,dclde_orcasound_full_recording,100
abiotic,rpi_bush_point,2020_10_18_12_11_00_PST,https://storage.googleapis.com/noaa-passive-bioacoustic/dclde/2027/dclde_2027_killer_whales/orcasound/audio/bush_point/rpi-bush-point_2020_10_18_12_11_00.wav,DCLDE Orcasound full recording; source=rpi-bush-point_2020_10_18_12_11_00.wav; original_classes=AB,dclde_orcasound_full_recording,100
abiotic,rpi_bush_point,2020_10_18_12_12_00_PST,https://storage.googleapis.com/noaa-passive-bioacoustic/dclde/2027/dclde_2027_killer_whales/orcasound/audio/bush_point/rpi-bush-point_2020_10_18_12_12_00.wav,DCLDE Orcasound full recording; source=rpi-bush-point_2020_10_18_12_12_00.wav; original_classes=AB,dclde_orcasound_full_recording,100
abiotic,rpi_bush_point,2020_10_18_12_13_00_PST,https://storage.googleapis.com/noaa-passive-bioacoustic/dclde/2027/dclde_2027_killer_whales/orcasound/audio/bush_point/rpi-bush-point_2020_10_18_12_13_00.wav,DCLDE Orcasound full recording; source=rpi-bush-point_2020_10_18_12_13_00.wav; original_classes=AB,dclde_orcasound_full_recording,100
abiotic,rpi_bush_point,2020_10_18_12_14_00_PST,https://storage.googleapis.com/noaa-passive-bioacoustic/dclde/2027/dclde_2027_killer_whales/orcasound/audio/bush_point/rpi-bush-point_2020_10_18_12_14_00.wav,DCLDE Orcasound full recording; source=rpi-bush-point_2020_10_18_12_14_00.wav; original_classes=AB,dclde_orcasound_full_recording,100
abiotic,rpi_bush_point,2020_10_18_12_15_00_PST,https://storage.googleapis.com/noaa-passive-bioacoustic/dclde/2027/dclde_2027_killer_whales/orcasound/audio/bush_point/rpi-bush-point_2020_10_18_12_15_00.wav,DCLDE Orcasound full recording; source=rpi-bush-point_2020_10_18_12_15_00.wav; original_classes=AB,dclde_orcasound_full_recording,100
abiotic,rpi_bush_point,2020_10_18_12_16_00_PST,https://storage.googleapis.com/noaa-passive-bioacoustic/dclde/2027/dclde_2027_killer_whales/orcasound/audio/bush_point/rpi-bush-point_2020_10_18_12_16_00.wav,DCLDE Orcasound full recording; source=rpi-bush-point_2020_10_18_12_16_00.wav; original_classes=AB,dclde_orcasound_full_recording,100
abiotic,rpi_bush_point,2020_10_18_12_17_00_PST,https://storage.googleapis.com/noaa-passive-bioacoustic/dclde/2027/dclde_2027_killer_whales/orcasound/audio/bush_point/rpi-bush-point_2020_10_18_12_17_00.wav,DCLDE Orcasound full recording; source=rpi-bush-point_2020_10_18_12_17_00.wav; original_classes=AB,dclde_orcasound_full_recording,100
abiotic,rpi_bush_point,2020_10_18_12_18_00_PST,https://storage.googleapis.com/noaa-passive-bioacoustic/dclde/2027/dclde_2027_killer_whales/orcasound/audio/bush_point/rpi-bush-point_2020_10_18_12_18_00.wav,DCLDE Orcasound full recording; source=rpi-bush-point_2020_10_18_12_18_00.wav; original_classes=AB,dclde_orcasound_full_recording,100
abiotic,rpi_bush_point,2020_10_18_12_19_00_PST,https://storage.googleapis.com/noaa-passive-bioacoustic/dclde/2027/dclde_2027_killer_whales/orcasound/audio/bush_point/rpi-bush-point_2020_10_18_12_19_00.wav,DCLDE Orcasound full recording; source=rpi-bush-point_2020_10_18_12_19_00.wav; original_classes=AB,dclde_orcasound_full_recording,100
abiotic,rpi_bush_point,2020_10_18_12_20_00_PST,https://storage.googleapis.com/noaa-passive-bioacoustic/dclde/2027/dclde_2027_killer_whales/orcasound/audio/bush_point/rpi-bush-point_2020_10_18_12_20_00.wav,DCLDE Orcasound full recording; source=rpi-bush-point_2020_10_18_12_20_00.wav; original_classes=AB,dclde_orcasound_full_recording,100
abiotic,rpi_bush_point,2020_10_18_12_21_00_PST,https://storage.googleapis.com/noaa-passive-bioacoustic/dclde/2027/dclde_2027_killer_whales/orcasound/audio/bush_point/rpi-bush-point_2020_10_18_12_21_00.wav,DCLDE Orcasound full recording; source=rpi-bush-point_2020_10_18_12_21_00.wav; original_classes=AB,dclde_orcasound_full_recording,100
abiotic,rpi_bush_point,2020_10_18_12_22_00_PST,https://storage.googleapis.com/noaa-passive-bioacoustic/dclde/2027/dclde_2027_killer_whales/orcasound/audio/bush_point/rpi-bush-point_2020_10_18_12_22_00.wav,DCLDE Orcasound full recording; source=rpi-bush-point_2020_10_18_12_22_00.wav; original_classes=AB,dclde_orcasound_full_recording,100
abiotic,rpi_bush_point,2020_10_18_12_23_00_PST,https://storage.googleapis.com/noaa-passive-bioacoustic/dclde/2027/dclde_2027_killer_whales/orcasound/audio/bush_point/rpi-bush-point_2020_10_18_12_23_00.wav,DCLDE Orcasound full recording; source=rpi-bush-point_2020_10_18_12_23_00.wav; original_classes=AB,dclde_orcasound_full_recording,100
abiotic,rpi_bush_point,2020_10_18_12_24_00_PST,https://storage.googleapis.com/noaa-passive-bioacoustic/dclde/2027/dclde_2027_killer_whales/orcasound/audio/bush_point/rpi-bush-point_2020_10_18_12_24_00.wav,DCLDE Orcasound full recording; source=rpi-bush-point_2020_10_18_12_24_00.wav; original_classes=AB,dclde_orcasound_full_recording,100
abiotic,rpi_bush_point,2020_10_18_12_25_00_PST,https://storage.googleapis.com/noaa-passive-bioacoustic/dclde/2027/dclde_2027_killer_whales/orcasound/audio/bush_point/rpi-bush-point_2020_10_18_12_25_00.wav,DCLDE Orcasound full recording; source=rpi-bush-point_2020_10_18_12_25_00.wav; original_classes=AB,dclde_orcasound_full_recording,100
abiotic,rpi_bush_point,2020_10_18_12_26_00_PST,https://storage.googleapis.com/noaa-passive-bioacoustic/dclde/2027/dclde_2027_killer_whales/orcasound/audio/bush_point/rpi-bush-point_2020_10_18_12_26_00.wav,DCLDE Orcasound full recording; source=rpi-bush-point_2020_10_18_12_26_00.wav; original_classes=AB,dclde_orcasound_full_recording,100
abiotic,rpi_bush_point,2020_10_18_12_27_00_PST,https://storage.googleapis.com/noaa-passive-bioacoustic/dclde/2027/dclde_2027_killer_whales/orcasound/audio/bush_point/rpi-bush-point_2020_10_18_12_27_00.wav,DCLDE Orcasound full recording; source=rpi-bush-point_2020_10_18_12_27_00.wav; original_classes=AB,dclde_orcasound_full_recording,100
abiotic,rpi_bush_point,2020_10_18_12_28_00_PST,https://storage.googleapis.com/noaa-passive-bioacoustic/dclde/2027/dclde_2027_killer_whales/orcasound/audio/bush_point/rpi-bush-point_2020_10_18_12_28_00.wav,DCLDE Orcasound full recording; source=rpi-bush-point_2020_10_18_12_28_00.wav; original_classes=AB,dclde_orcasound_full_recording,100
abiotic,rpi_bush_point,2020_10_18_12_29_00_PST,https://storage.googleapis.com/noaa-passive-bioacoustic/dclde/2027/dclde_2027_killer_whales/orcasound/audio/bush_point/rpi-bush-point_2020_10_18_12_29_00.wav,DCLDE Orcasound full recording; source=rpi-bush-point_2020_10_18_12_29_00.wav; original_classes=AB,dclde_orcasound_full_recording,100
abiotic,rpi_bush_point,2020_10_18_12_30_00_PST,https://storage.googleapis.com/noaa-passive-bioacoustic/dclde/2027/dclde_2027_killer_whales/orcasound/audio/bush_point/rpi-bush-point_2020_10_18_12_30_00.wav,DCLDE Orcasound full recording; source=rpi-bush-point_2020_10_18_12_30_00.wav; original_classes=AB,dclde_orcasound_full_recording,100
abiotic,rpi_bush_point,2020_10_18_12_31_00_PST,https://storage.googleapis.com/noaa-passive-bioacoustic/dclde/2027/dclde_2027_killer_whales/orcasound/audio/bush_point/rpi-bush-point_2020_10_18_12_31_00.wav,DCLDE Orcasound full recording; source=rpi-bush-point_2020_10_18_12_31_00.wav; original_classes=AB,dclde_orcasound_full_recording,100
abiotic,rpi_bush_point,2020_10_18_12_32_00_PST,https://storage.googleapis.com/noaa-passive-bioacoustic/dclde/2027/dclde_2027_killer_whales/orcasound/audio/bush_point/rpi-bush-point_2020_10_18_12_32_00.wav,DCLDE Orcasound full recording; source=rpi-bush-point_2020_10_18_12_32_00.wav; original_classes=AB,dclde_orcasound_full_recording,100
abiotic,rpi_bush_point,2020_10_18_12_33_00_PST,https://storage.googleapis.com/noaa-passive-bioacoustic/dclde/2027/dclde_2027_killer_whales/orcasound/audio/bush_point/rpi-bush-point_2020_10_18_12_33_00.wav,DCLDE Orcasound full recording; source=rpi-bush-point_2020_10_18_12_33_00.wav; original_classes=AB,dclde_orcasound_full_recording,100
abiotic,rpi_bush_point,2020_10_18_12_34_00_PST,https://storage.googleapis.com/noaa-passive-bioacoustic/dclde/2027/dclde_2027_killer_whales/orcasound/audio/bush_point/rpi-bush-point_2020_10_18_12_34_00.wav,DCLDE Orcasound full recording; source=rpi-bush-point_2020_10_18_12_34_00.wav; original_classes=AB,dclde_orcasound_full_recording,100
abiotic,rpi_bush_point,2020_10_18_12_35_00_PST,https://storage.googleapis.com/noaa-passive-bioacoustic/dclde/2027/dclde_2027_killer_whales/orcasound/audio/bush_point/rpi-bush-point_2020_10_18_12_35_00.wav,DCLDE Orcasound full recording; source=rpi-bush-point_2020_10_18_12_35_00.wav; original_classes=AB,dclde_orcasound_full_recording,100
abiotic,rpi_bush_point,2020_10_18_12_36_00_PST,https://storage.googleapis.com/noaa-passive-bioacoustic/dclde/2027/dclde_2027_killer_whales/orcasound/audio/bush_point/rpi-bush-point_2020_10_18_12_36_00.wav,DCLDE Orcasound full recording; source=rpi-bush-point_2020_10_18_12_36_00.wav; original_classes=AB,dclde_orcasound_full_recording,100
abiotic,rpi_bush_point,2020_10_18_12_37_00_PST,https://storage.googleapis.com/noaa-passive-bioacoustic/dclde/2027/dclde_2027_killer_whales/orcasound/audio/bush_point/rpi-bush-point_2020_10_18_12_37_00.wav,DCLDE Orcasound full recording; source=rpi-bush-point_2020_10_18_12_37_00.wav; original_classes=AB,dclde_orcasound_full_recording,100
abiotic,rpi_bush_point,2020_10_18_12_38_00_PST,https://storage.googleapis.com/noaa-passive-bioacoustic/dclde/2027/dclde_2027_killer_whales/orcasound/audio/bush_point/rpi-bush-point_2020_10_18_12_38_00.wav,DCLDE Orcasound full recording; source=rpi-bush-point_2020_10_18_12_38_00.wav; original_classes=AB,dclde_orcasound_full_recording,100
abiotic,rpi_bush_point,2020_10_18_12_39_00_PST,https://storage.googleapis.com/noaa-passive-bioacoustic/dclde/2027/dclde_2027_killer_whales/orcasound/audio/bush_point/rpi-bush-point_2020_10_18_12_39_00.wav,DCLDE Orcasound full recording; source=rpi-bush-point_2020_10_18_12_39_00.wav; original_classes=AB,dclde_orcasound_full_recording,100
abiotic,rpi_bush_point,2020_10_18_12_40_00_PST,https://storage.googleapis.com/noaa-passive-bioacoustic/dclde/2027/dclde_2027_killer_whales/orcasound/audio/bush_point/rpi-bush-point_2020_10_18_12_40_00.wav,DCLDE Orcasound full recording; source=rpi-bush-point_2020_10_18_12_40_00.wav; original_classes=AB,dclde_orcasound_full_recording,100
abiotic,rpi_bush_point,2020_10_18_12_41_00_PST,https://storage.googleapis.com/noaa-passive-bioacoustic/dclde/2027/dclde_2027_killer_whales/orcasound/audio/bush_point/rpi-bush-point_2020_10_18_12_41_00.wav,DCLDE Orcasound full recording; source=rpi-bush-point_2020_10_18_12_41_00.wav; original_classes=AB,dclde_orcasound_full_recording,100
abiotic,rpi_bush_point,2020_10_18_12_42_00_PST,https://storage.googleapis.com/noaa-passive-bioacoustic/dclde/2027/dclde_2027_killer_whales/orcasound/audio/bush_point/rpi-bush-point_2020_10_18_12_42_00.wav,DCLDE Orcasound full recording; source=rpi-bush-point_2020_10_18_12_42_00.wav; original_classes=AB,dclde_orcasound_full_recording,100
abiotic,rpi_bush_point,2020_10_18_12_43_00_PST,https://storage.googleapis.com/noaa-passive-bioacoustic/dclde/2027/dclde_2027_killer_whales/orcasound/audio/bush_point/rpi-bush-point_2020_10_18_12_43_00.wav,DCLDE Orcasound full recording; source=rpi-bush-point_2020_10_18_12_43_00.wav; original_classes=AB,dclde_orcasound_full_recording,100
abiotic,rpi_bush_point,2020_10_18_12_44_00_PST,https://storage.googleapis.com/noaa-passive-bioacoustic/dclde/2027/dclde_2027_killer_whales/orcasound/audio/bush_point/rpi-bush-point_2020_10_18_12_44_00.wav,DCLDE Orcasound full recording; source=rpi-bush-point_2020_10_18_12_44_00.wav; original_classes=AB,dclde_orcasound_full_recording,100
abiotic,rpi_bush_point,2020_10_18_12_45_00_PST,https://storage.googleapis.com/noaa-passive-bioacoustic/dclde/2027/dclde_2027_killer_whales/orcasound/audio/bush_point/rpi-bush-point_2020_10_18_12_45_00.wav,DCLDE Orcasound full recording; source=rpi-bush-point_2020_10_18_12_45_00.wav; original_classes=AB,dclde_orcasound_full_recording,100
abiotic,rpi_bush_point,2020_10_18_12_46_00_PST,https://storage.googleapis.com/noaa-passive-bioacoustic/dclde/2027/dclde_2027_killer_whales/orcasound/audio/bush_point/rpi-bush-point_2020_10_18_12_46_00.wav,DCLDE Orcasound full recording; source=rpi-bush-point_2020_10_18_12_46_00.wav; original_classes=AB,dclde_orcasound_full_recording,100
abiotic,rpi_bush_point,2020_10_18_12_47_00_PST,https://storage.googleapis.com/noaa-passive-bioacoustic/dclde/2027/dclde_2027_killer_whales/orcasound/audio/bush_point/rpi-bush-point_2020_10_18_12_47_00.wav,DCLDE Orcasound full recording; source=rpi-bush-point_2020_10_18_12_47_00.wav; original_classes=AB,dclde_orcasound_full_recording,100
abiotic,rpi_bush_point,2020_10_18_21_00_00_PST,https://storage.googleapis.com/noaa-passive-bioacoustic/dclde/2027/dclde_2027_killer_whales/orcasound/audio/bush_point/rpi-bush-point_2020_10_18_21_00_00.wav,DCLDE Orcasound full recording; source=rpi-bush-point_2020_10_18_21_00_00.wav; original_classes=AB,dclde_orcasound_full_recording,100
abiotic,rpi_bush_point,2020_10_18_21_01_00_PST,https://storage.googleapis.com/noaa-passive-bioacoustic/dclde/2027/dclde_2027_killer_whales/orcasound/audio/bush_point/rpi-bush-point_2020_10_18_21_01_00.wav,DCLDE Orcasound full recording; source=rpi-bush-point_2020_10_18_21_01_00.wav; original_classes=AB,dclde_orcasound_full_recording,100
abiotic,rpi_bush_point,2020_10_18_21_02_00_PST,https://storage.googleapis.com/noaa-passive-bioacoustic/dclde/2027/dclde_2027_killer_whales/orcasound/audio/bush_point/rpi-bush-point_2020_10_18_21_02_00.wav,DCLDE Orcasound full recording; source=rpi-bush-point_2020_10_18_21_02_00.wav; original_classes=AB,dclde_orcasound_full_recording,100
abiotic,rpi_bush_point,2020_10_18_21_03_00_PST,https://storage.googleapis.com/noaa-passive-bioacoustic/dclde/2027/dclde_2027_killer_whales/orcasound/audio/bush_point/rpi-bush-point_2020_10_18_21_03_00.wav,DCLDE Orcasound full recording; source=rpi-bush-point_2020_10_18_21_03_00.wav; original_classes=AB,dclde_orcasound_full_recording,100
abiotic,rpi_bush_point,2020_10_18_21_04_00_PST,https://storage.googleapis.com/noaa-passive-bioacoustic/dclde/2027/dclde_2027_killer_whales/orcasound/audio/bush_point/rpi-bush-point_2020_10_18_21_04_00.wav,DCLDE Orcasound full recording; source=rpi-bush-point_2020_10_18_21_04_00.wav; original_classes=AB,dclde_orcasound_full_recording,100
abiotic,rpi_bush_point,2020_10_18_21_05_00_PST,https://storage.googleapis.com/noaa-passive-bioacoustic/dclde/2027/dclde_2027_killer_whales/orcasound/audio/bush_point/rpi-bush-point_2020_10_18_21_05_00.wav,DCLDE Orcasound full recording; source=rpi-bush-point_2020_10_18_21_05_00.wav; original_classes=AB,dclde_orcasound_full_recording,100
abiotic,rpi_bush_point,2020_10_18_21_06_00_PST,https://storage.googleapis.com/noaa-passive-bioacoustic/dclde/2027/dclde_2027_killer_whales/orcasound/audio/bush_point/rpi-bush-point_2020_10_18_21_06_00.wav,DCLDE Orcasound full recording; source=rpi-bush-point_2020_10_18_21_06_00.wav; original_classes=AB,dclde_orcasound_full_recording,100
abiotic,rpi_bush_point,2020_10_18_21_07_00_PST,https://storage.googleapis.com/noaa-passive-bioacoustic/dclde/2027/dclde_2027_killer_whales/orcasound/audio/bush_point/rpi-bush-point_2020_10_18_21_07_00.wav,DCLDE Orcasound full recording; source=rpi-bush-point_2020_10_18_21_07_00.wav; original_classes=AB,dclde_orcasound_full_recording,100
abiotic,rpi_bush_point,2020_10_18_21_08_00_PST,https://storage.googleapis.com/noaa-passive-bioacoustic/dclde/2027/dclde_2027_killer_whales/orcasound/audio/bush_point/rpi-bush-point_2020_10_18_21_08_00.wav,DCLDE Orcasound full recording; source=rpi-bush-point_2020_10_18_21_08_00.wav; original_classes=AB,dclde_orcasound_full_recording,100
abiotic,rpi_bush_point,2020_10_18_21_09_00_PST,https://storage.googleapis.com/noaa-passive-bioacoustic/dclde/2027/dclde_2027_killer_whales/orcasound/audio/bush_point/rpi-bush-point_2020_10_18_21_09_00.wav,DCLDE Orcasound full recording; source=rpi-bush-point_2020_10_18_21_09_00.wav; original_classes=AB,dclde_orcasound_full_recording,100
abiotic,rpi_bush_point,2020_10_18_21_10_00_PST,https://storage.googleapis.com/noaa-passive-bioacoustic/dclde/2027/dclde_2027_killer_whales/orcasound/audio/bush_point/rpi-bush-point_2020_10_18_21_10_00.wav,DCLDE Orcasound full recording; source=rpi-bush-point_2020_10_18_21_10_00.wav; original_classes=AB,dclde_orcasound_full_recording,100
abiotic,rpi_bush_point,2020_10_18_21_11_00_PST,https://storage.googleapis.com/noaa-passive-bioacoustic/dclde/2027/dclde_2027_killer_whales/orcasound/audio/bush_point/rpi-bush-point_2020_10_18_21_11_00.wav,DCLDE Orcasound full recording; source=rpi-bush-point_2020_10_18_21_11_00.wav; original_classes=AB,dclde_orcasound_full_recording,100
abiotic,rpi_bush_point,2020_10_18_21_12_00_PST,https://storage.googleapis.com/noaa-passive-bioacoustic/dclde/2027/dclde_2027_killer_whales/orcasound/audio/bush_point/rpi-bush-point_2020_10_18_21_12_00.wav,DCLDE Orcasound full recording; source=rpi-bush-point_2020_10_18_21_12_00.wav; original_classes=AB,dclde_orcasound_full_recording,100
abiotic,rpi_bush_point,2020_10_18_21_13_00_PST,https://storage.googleapis.com/noaa-passive-bioacoustic/dclde/2027/dclde_2027_killer_whales/orcasound/audio/bush_point/rpi-bush-point_2020_10_18_21_13_00.wav,DCLDE Orcasound full recording; source=rpi-bush-point_2020_10_18_21_13_00.wav; original_classes=AB,dclde_orcasound_full_recording,100
abiotic,rpi_bush_point,2020_10_18_21_14_00_PST,https://storage.googleapis.com/noaa-passive-bioacoustic/dclde/2027/dclde_2027_killer_whales/orcasound/audio/bush_point/rpi-bush-point_2020_10_18_21_14_00.wav,DCLDE Orcasound full recording; source=rpi-bush-point_2020_10_18_21_14_00.wav; original_classes=AB,dclde_orcasound_full_recording,100
abiotic,rpi_bush_point,2020_10_18_21_15_00_PST,https://storage.googleapis.com/noaa-passive-bioacoustic/dclde/2027/dclde_2027_killer_whales/orcasound/audio/bush_point/rpi-bush-point_2020_10_18_21_15_00.wav,DCLDE Orcasound full recording; source=rpi-bush-point_2020_10_18_21_15_00.wav; original_classes=AB,dclde_orcasound_full_recording,100
abiotic,rpi_orcasound_lab,2020_07_25_19_17_00_PST,https://storage.googleapis.com/noaa-passive-bioacoustic/dclde/2027/dclde_2027_killer_whales/orcasound/audio/orcasound_lab/rpi-orcasound-lab_2020_07_25_19_17_00.wav,DCLDE Orcasound full recording; source=rpi-orcasound-lab_2020_07_25_19_17_00.wav; original_classes=AB,dclde_orcasound_full_recording,100
abiotic,rpi_orcasound_lab,2020_07_25_19_18_00_PST,https://storage.googleapis.com/noaa-passive-bioacoustic/dclde/2027/dclde_2027_killer_whales/orcasound/audio/orcasound_lab/rpi-orcasound-lab_2020_07_25_19_18_00.wav,DCLDE Orcasound full recording; source=rpi-orcasound-lab_2020_07_25_19_18_00.wav; original_classes=AB,dclde_orcasound_full_recording,100
abiotic,rpi_orcasound_lab,2020_07_25_19_20_00_PST,https://storage.googleapis.com/noaa-passive-bioacoustic/dclde/2027/dclde_2027_killer_whales/orcasound/audio/orcasound_lab/rpi-orcasound-lab_2020_07_25_19_20_00.wav,DCLDE Orcasound full recording; source=rpi-orcasound-lab_2020_07_25_19_20_00.wav; original_classes=AB,dclde_orcasound_full_recording,100
abiotic,rpi_orcasound_lab,2020_07_25_19_23_00_PST,https://storage.googleapis.com/noaa-passive-bioacoustic/dclde/2027/dclde_2027_killer_whales/orcasound/audio/orcasound_lab/rpi-orcasound-lab_2020_07_25_19_23_00.wav,DCLDE Orcasound full recording; source=rpi-orcasound-lab_2020_07_25_19_23_00.wav; original_classes=AB,dclde_orcasound_full_recording,100
abiotic,rpi_orcasound_lab,2020_07_25_19_36_00_PST,https://storage.googleapis.com/noaa-passive-bioacoustic/dclde/2027/dclde_2027_killer_whales/orcasound/audio/orcasound_lab/rpi-orcasound-lab_2020_07_25_19_36_00.wav,DCLDE Orcasound full recording; source=rpi-orcasound-lab_2020_07_25_19_36_00.wav; original_classes=AB,dclde_orcasound_full_recording,100
abiotic,rpi_orcasound_lab,2020_07_25_19_37_00_PST,https://storage.googleapis.com/noaa-passive-bioacoustic/dclde/2027/dclde_2027_killer_whales/orcasound/audio/orcasound_lab/rpi-orcasound-lab_2020_07_25_19_37_00.wav,DCLDE Orcasound full recording; source=rpi-orcasound-lab_2020_07_25_19_37_00.wav; original_classes=AB,dclde_orcasound_full_recording,100
abiotic,rpi_orcasound_lab,2020_07_25_19_39_00_PST,https://storage.googleapis.com/noaa-passive-bioacoustic/dclde/2027/dclde_2027_killer_whales/orcasound/audio/orcasound_lab/rpi-orcasound-lab_2020_07_25_19_39_00.wav,DCLDE Orcasound full recording; source=rpi-orcasound-lab_2020_07_25_19_39_00.wav; original_classes=AB,dclde_orcasound_full_recording,100
abiotic,rpi_orcasound_lab,2020_07_25_19_40_00_PST,https://storage.googleapis.com/noaa-passive-bioacoustic/dclde/2027/dclde_2027_killer_whales/orcasound/audio/orcasound_lab/rpi-orcasound-lab_2020_07_25_19_40_00.wav,DCLDE Orcasound full recording; source=rpi-orcasound-lab_2020_07_25_19_40_00.wav; original_classes=AB,dclde_orcasound_full_recording,100
abiotic,rpi_orcasound_lab,2020_07_25_19_41_00_PST,https://storage.googleapis.com/noaa-passive-bioacoustic/dclde/2027/dclde_2027_killer_whales/orcasound/audio/orcasound_lab/rpi-orcasound-lab_2020_07_25_19_41_00.wav,DCLDE Orcasound full recording; source=rpi-orcasound-lab_2020_07_25_19_41_00.wav; original_classes=AB,dclde_orcasound_full_recording,100
abiotic,rpi_orcasound_lab,2020_07_25_19_42_00_PST,https://storage.googleapis.com/noaa-passive-bioacoustic/dclde/2027/dclde_2027_killer_whales/orcasound/audio/orcasound_lab/rpi-orcasound-lab_2020_07_25_19_42_00.wav,DCLDE Orcasound full recording; source=rpi-orcasound-lab_2020_07_25_19_42_00.wav; original_classes=AB,dclde_orcasound_full_recording,100
abiotic,rpi_orcasound_lab,2020_07_25_19_43_00_PST,https://storage.googleapis.com/noaa-passive-bioacoustic/dclde/2027/dclde_2027_killer_whales/orcasound/audio/orcasound_lab/rpi-orcasound-lab_2020_07_25_19_43_00.wav,DCLDE Orcasound full recording; source=rpi-orcasound-lab_2020_07_25_19_43_00.wav; original_classes=AB,dclde_orcasound_full_recording,100
abiotic,rpi_orcasound_lab,2020_07_25_19_44_00_PST,https://storage.googleapis.com/noaa-passive-bioacoustic/dclde/2027/dclde_2027_killer_whales/orcasound/audio/orcasound_lab/rpi-orcasound-lab_2020_07_25_19_44_00.wav,DCLDE Orcasound full recording; source=rpi-orcasound-lab_2020_07_25_19_44_00.wav; original_classes=AB,dclde_orcasound_full_recording,100
abiotic,rpi_orcasound_lab,2020_07_25_19_45_00_PST,https://storage.googleapis.com/noaa-passive-bioacoustic/dclde/2027/dclde_2027_killer_whales/orcasound/audio/orcasound_lab/rpi-orcasound-lab_2020_07_25_19_45_00.wav,DCLDE Orcasound full recording; source=rpi-orcasound-lab_2020_07_25_19_45_00.wav; original_classes=AB,dclde_orcasound_full_recording,100
abiotic,rpi_orcasound_lab,2020_07_25_19_46_00_PST,https://storage.googleapis.com/noaa-passive-bioacoustic/dclde/2027/dclde_2027_killer_whales/orcasound/audio/orcasound_lab/rpi-orcasound-lab_2020_07_25_19_46_00.wav,DCLDE Orcasound full recording; source=rpi-orcasound-lab_2020_07_25_19_46_00.wav; original_classes=AB,dclde_orcasound_full_recording,100
abiotic,rpi_orcasound_lab,2020_07_25_19_47_00_PST,https://storage.googleapis.com/noaa-passive-bioacoustic/dclde/2027/dclde_2027_killer_whales/orcasound/audio/orcasound_lab/rpi-orcasound-lab_2020_07_25_19_47_00.wav,DCLDE Orcasound full recording; source=rpi-orcasound-lab_2020_07_25_19_47_00.wav; original_classes=AB,dclde_orcasound_full_recording,100
abiotic,rpi_orcasound_lab,2020_07_25_19_48_00_PST,https://storage.googleapis.com/noaa-passive-bioacoustic/dclde/2027/dclde_2027_killer_whales/orcasound/audio/orcasound_lab/rpi-orcasound-lab_2020_07_25_19_48_00.wav,DCLDE Orcasound full recording; source=rpi-orcasound-lab_2020_07_25_19_48_00.wav; original_classes=AB,dclde_orcasound_full_recording,100
abiotic,rpi_orcasound_lab,2020_07_25_19_49_00_PST,https://storage.googleapis.com/noaa-passive-bioacoustic/dclde/2027/dclde_2027_killer_whales/orcasound/audio/orcasound_lab/rpi-orcasound-lab_2020_07_25_19_49_00.wav,DCLDE Orcasound full recording; source=rpi-orcasound-lab_2020_07_25_19_49_00.wav; original_classes=AB,dclde_orcasound_full_recording,100
abiotic,rpi_orcasound_lab,2020_07_25_19_50_00_PST,https://storage.googleapis.com/noaa-passive-bioacoustic/dclde/2027/dclde_2027_killer_whales/orcasound/audio/orcasound_lab/rpi-orcasound-lab_2020_07_25_19_50_00.wav,DCLDE Orcasound full recording; source=rpi-orcasound-lab_2020_07_25_19_50_00.wav; original_classes=AB,dclde_orcasound_full_recording,100
abiotic,rpi_orcasound_lab,2020_07_25_19_51_00_PST,https://storage.googleapis.com/noaa-passive-bioacoustic/dclde/2027/dclde_2027_killer_whales/orcasound/audio/orcasound_lab/rpi-orcasound-lab_2020_07_25_19_51_00.wav,DCLDE Orcasound full recording; source=rpi-orcasound-lab_2020_07_25_19_51_00.wav; original_classes=AB,dclde_orcasound_full_recording,100
abiotic,rpi_orcasound_lab,2020_07_25_19_52_00_PST,https://storage.googleapis.com/noaa-passive-bioacoustic/dclde/2027/dclde_2027_killer_whales/orcasound/audio/orcasound_lab/rpi-orcasound-lab_2020_07_25_19_52_00.wav,DCLDE Orcasound full recording; source=rpi-orcasound-lab_2020_07_25_19_52_00.wav; original_classes=AB,dclde_orcasound_full_recording,100
abiotic,rpi_orcasound_lab,2020_07_25_19_53_00_PST,https://storage.googleapis.com/noaa-passive-bioacoustic/dclde/2027/dclde_2027_killer_whales/orcasound/audio/orcasound_lab/rpi-orcasound-lab_2020_07_25_19_53_00.wav,DCLDE Orcasound full recording; source=rpi-orcasound-lab_2020_07_25_19_53_00.wav; original_classes=AB,dclde_orcasound_full_recording,100
abiotic,rpi_orcasound_lab,2020_07_25_19_54_00_PST,https://storage.googleapis.com/noaa-passive-bioacoustic/dclde/2027/dclde_2027_killer_whales/orcasound/audio/orcasound_lab/rpi-orcasound-lab_2020_07_25_19_54_00.wav,DCLDE Orcasound full recording; source=rpi-orcasound-lab_2020_07_25_19_54_00.wav; original_classes=AB,dclde_orcasound_full_recording,100
abiotic,rpi_orcasound_lab,2020_07_25_19_59_00_PST,https://storage.googleapis.com/noaa-passive-bioacoustic/dclde/2027/dclde_2027_killer_whales/orcasound/audio/orcasound_lab/rpi-orcasound-lab_2020_07_25_19_59_00.wav,DCLDE Orcasound full recording; source=rpi-orcasound-lab_2020_07_25_19_59_00.wav; original_classes=AB,dclde_orcasound_full_recording,100
abiotic,rpi_orcasound_lab,2020_07_25_20_00_00_PST,https://storage.googleapis.com/noaa-passive-bioacoustic/dclde/2027/dclde_2027_killer_whales/orcasound/audio/orcasound_lab/rpi-orcasound-lab_2020_07_25_20_00_00.wav,DCLDE Orcasound full recording; source=rpi-orcasound-lab_2020_07_25_20_00_00.wav; original_classes=AB,dclde_orcasound_full_recording,100
abiotic,rpi_orcasound_lab,2020_07_25_20_01_00_PST,https://storage.googleapis.com/noaa-passive-bioacoustic/dclde/2027/dclde_2027_killer_whales/orcasound/audio/orcasound_lab/rpi-orcasound-lab_2020_07_25_20_01_00.wav,DCLDE Orcasound full recording; source=rpi-orcasound-lab_2020_07_25_20_01_00.wav; original_classes=AB,dclde_orcasound_full_recording,100
abiotic,rpi_orcasound_lab,2020_07_25_20_04_00_PST,https://storage.googleapis.com/noaa-passive-bioacoustic/dclde/2027/dclde_2027_killer_whales/orcasound/audio/orcasound_lab/rpi-orcasound-lab_2020_07_25_20_04_00.wav,DCLDE Orcasound full recording; source=rpi-orcasound-lab_2020_07_25_20_04_00.wav; original_classes=AB,dclde_orcasound_full_recording,100
abiotic,rpi_orcasound_lab,2020_07_25_20_06_00_PST,https://storage.googleapis.com/noaa-passive-bioacoustic/dclde/2027/dclde_2027_killer_whales/orcasound/audio/orcasound_lab/rpi-orcasound-lab_2020_07_25_20_06_00.wav,DCLDE Orcasound full recording; source=rpi-orcasound-lab_2020_07_25_20_06_00.wav; original_classes=AB,dclde_orcasound_full_recording,100
abiotic,rpi_orcasound_lab,2020_07_25_20_07_00_PST,https://storage.googleapis.com/noaa-passive-bioacoustic/dclde/2027/dclde_2027_killer_whales/orcasound/audio/orcasound_lab/rpi-orcasound-lab_2020_07_25_20_07_00.wav,DCLDE Orcasound full recording; source=rpi-orcasound-lab_2020_07_25_20_07_00.wav; original_classes=AB,dclde_orcasound_full_recording,100
abiotic,rpi_orcasound_lab,2020_07_25_20_08_00_PST,https://storage.googleapis.com/noaa-passive-bioacoustic/dclde/2027/dclde_2027_killer_whales/orcasound/audio/orcasound_lab/rpi-orcasound-lab_2020_07_25_20_08_00.wav,DCLDE Orcasound full recording; source=rpi-orcasound-lab_2020_07_25_20_08_00.wav; original_classes=AB,dclde_orcasound_full_recording,100
abiotic,rpi_orcasound_lab,2020_07_25_20_10_00_PST,https://storage.googleapis.com/noaa-passive-bioacoustic/dclde/2027/dclde_2027_killer_whales/orcasound/audio/orcasound_lab/rpi-orcasound-lab_2020_07_25_20_10_00.wav,DCLDE Orcasound full recording; source=rpi-orcasound-lab_2020_07_25_20_10_00.wav; original_classes=AB,dclde_orcasound_full_recording,100
abiotic,rpi_orcasound_lab,2020_07_25_20_11_00_PST,https://storage.googleapis.com/noaa-passive-bioacoustic/dclde/2027/dclde_2027_killer_whales/orcasound/audio/orcasound_lab/rpi-orcasound-lab_2020_07_25_20_11_00.wav,DCLDE Orcasound full recording; source=rpi-orcasound-lab_2020_07_25_20_11_00.wav; original_classes=AB,dclde_orcasound_full_recording,100
abiotic,rpi_orcasound_lab,2020_09_01_14_46_00_PST,https://storage.googleapis.com/noaa-passive-bioacoustic/dclde/2027/dclde_2027_killer_whales/orcasound/audio/orcasound_lab/rpi-orcasound-lab_2020_09_01_14_46_00.wav,DCLDE Orcasound full recording; source=rpi-orcasound-lab_2020_09_01_14_46_00.wav; original_classes=AB,dclde_orcasound_full_recording,100
abiotic,rpi_orcasound_lab,2020_09_01_14_47_00_PST,https://storage.googleapis.com/noaa-passive-bioacoustic/dclde/2027/dclde_2027_killer_whales/orcasound/audio/orcasound_lab/rpi-orcasound-lab_2020_09_01_14_47_00.wav,DCLDE Orcasound full recording; source=rpi-orcasound-lab_2020_09_01_14_47_00.wav; original_classes=AB,dclde_orcasound_full_recording,100
abiotic,rpi_orcasound_lab,2020_09_01_14_48_00_PST,https://storage.googleapis.com/noaa-passive-bioacoustic/dclde/2027/dclde_2027_killer_whales/orcasound/audio/orcasound_lab/rpi-orcasound-lab_2020_09_01_14_48_00.wav,DCLDE Orcasound full recording; source=rpi-orcasound-lab_2020_09_01_14_48_00.wav; original_classes=AB,dclde_orcasound_full_recording,100
abiotic,rpi_orcasound_lab,2020_09_01_14_49_00_PST,https://storage.googleapis.com/noaa-passive-bioacoustic/dclde/2027/dclde_2027_killer_whales/orcasound/audio/orcasound_lab/rpi-orcasound-lab_2020_09_01_14_49_00.wav,DCLDE Orcasound full recording; source=rpi-orcasound-lab_2020_09_01_14_49_00.wav; original_classes=AB,dclde_orcasound_full_recording,100
abiotic,rpi_orcasound_lab,2020_09_01_14_51_00_PST,https://storage.googleapis.com/noaa-passive-bioacoustic/dclde/2027/dclde_2027_killer_whales/orcasound/audio/orcasound_lab/rpi-orcasound-lab_2020_09_01_14_51_00.wav,DCLDE Orcasound full recording; source=rpi-orcasound-lab_2020_09_01_14_51_00.wav; original_classes=AB,dclde_orcasound_full_recording,100
abiotic,rpi_orcasound_lab,2020_09_01_14_53_00_PST,https://storage.googleapis.com/noaa-passive-bioacoustic/dclde/2027/dclde_2027_killer_whales/orcasound/audio/orcasound_lab/rpi-orcasound-lab_2020_09_01_14_53_00.wav,DCLDE Orcasound full recording; source=rpi-orcasound-lab_2020_09_01_14_53_00.wav; original_classes=AB,dclde_orcasound_full_recording,100
abiotic,rpi_orcasound_lab,2020_09_01_14_54_00_PST,https://storage.googleapis.com/noaa-passive-bioacoustic/dclde/2027/dclde_2027_killer_whales/orcasound/audio/orcasound_lab/rpi-orcasound-lab_2020_09_01_14_54_00.wav,DCLDE Orcasound full recording; source=rpi-orcasound-lab_2020_09_01_14_54_00.wav; original_classes=AB,dclde_orcasound_full_recording,100
abiotic,rpi_orcasound_lab,2020_09_01_14_57_00_PST,https://storage.googleapis.com/noaa-passive-bioacoustic/dclde/2027/dclde_2027_killer_whales/orcasound/audio/orcasound_lab/rpi-orcasound-lab_2020_09_01_14_57_00.wav,DCLDE Orcasound full recording; source=rpi-orcasound-lab_2020_09_01_14_57_00.wav; original_classes=AB,dclde_orcasound_full_recording,100
abiotic,rpi_orcasound_lab,2020_09_01_14_58_00_PST,https://storage.googleapis.com/noaa-passive-bioacoustic/dclde/2027/dclde_2027_killer_whales/orcasound/audio/orcasound_lab/rpi-orcasound-lab_2020_09_01_14_58_00.wav,DCLDE Orcasound full recording; source=rpi-orcasound-lab_2020_09_01_14_58_00.wav; original_classes=AB,dclde_orcasound_full_recording,100
abiotic,rpi_orcasound_lab,2020_09_01_14_59_00_PST,https://storage.googleapis.com/noaa-passive-bioacoustic/dclde/2027/dclde_2027_killer_whales/orcasound/audio/orcasound_lab/rpi-orcasound-lab_2020_09_01_14_59_00.wav,DCLDE Orcasound full recording; source=rpi-orcasound-lab_2020_09_01_14_59_00.wav; original_classes=AB,dclde_orcasound_full_recording,100
abiotic,rpi_orcasound_lab,2020_09_01_15_00_00_PST,https://storage.googleapis.com/noaa-passive-bioacoustic/dclde/2027/dclde_2027_killer_whales/orcasound/audio/orcasound_lab/rpi-orcasound-lab_2020_09_01_15_00_00.wav,DCLDE Orcasound full recording; source=rpi-orcasound-lab_2020_09_01_15_00_00.wav; original_classes=AB,dclde_orcasound_full_recording,100
abiotic,rpi_orcasound_lab,2020_09_01_15_01_00_PST,https://storage.googleapis.com/noaa-passive-bioacoustic/dclde/2027/dclde_2027_killer_whales/orcasound/audio/orcasound_lab/rpi-orcasound-lab_2020_09_01_15_01_00.wav,DCLDE Orcasound full recording; source=rpi-orcasound-lab_2020_09_01_15_01_00.wav; original_classes=AB,dclde_orcasound_full_recording,100
abiotic,rpi_orcasound_lab,2020_09_01_15_03_00_PST,https://storage.googleapis.com/noaa-passive-bioacoustic/dclde/2027/dclde_2027_killer_whales/orcasound/audio/orcasound_lab/rpi-orcasound-lab_2020_09_01_15_03_00.wav,DCLDE Orcasound full recording; source=rpi-orcasound-lab_2020_09_01_15_03_00.wav; original_classes=AB,dclde_orcasound_full_recording,100
abiotic,rpi_orcasound_lab,2020_09_01_15_05_00_PST,https://storage.googleapis.com/noaa-passive-bioacoustic/dclde/2027/dclde_2027_killer_whales/orcasound/audio/orcasound_lab/rpi-orcasound-lab_2020_09_01_15_05_00.wav,DCLDE Orcasound full recording; source=rpi-orcasound-lab_2020_09_01_15_05_00.wav; original_classes=AB,dclde_orcasound_full_recording,100
abiotic,rpi_orcasound_lab,2020_09_01_15_06_00_PST,https://storage.googleapis.com/noaa-passive-bioacoustic/dclde/2027/dclde_2027_killer_whales/orcasound/audio/orcasound_lab/rpi-orcasound-lab_2020_09_01_15_06_00.wav,DCLDE Orcasound full recording; source=rpi-orcasound-lab_2020_09_01_15_06_00.wav; original_classes=AB,dclde_orcasound_full_recording,100
abiotic,rpi_orcasound_lab,2020_09_01_15_07_00_PST,https://storage.googleapis.com/noaa-passive-bioacoustic/dclde/2027/dclde_2027_killer_whales/orcasound/audio/orcasound_lab/rpi-orcasound-lab_2020_09_01_15_07_00.wav,DCLDE Orcasound full recording; source=rpi-orcasound-lab_2020_09_01_15_07_00.wav; original_classes=AB,dclde_orcasound_full_recording,100
abiotic,rpi_orcasound_lab,2020_09_01_15_08_00_PST,https://storage.googleapis.com/noaa-passive-bioacoustic/dclde/2027/dclde_2027_killer_whales/orcasound/audio/orcasound_lab/rpi-orcasound-lab_2020_09_01_15_08_00.wav,DCLDE Orcasound full recording; source=rpi-orcasound-lab_2020_09_01_15_08_00.wav; original_classes=AB,dclde_orcasound_full_recording,100
abiotic,rpi_orcasound_lab,2020_09_01_15_15_00_PST,https://storage.googleapis.com/noaa-passive-bioacoustic/dclde/2027/dclde_2027_killer_whales/orcasound/audio/orcasound_lab/rpi-orcasound-lab_2020_09_01_15_15_00.wav,DCLDE Orcasound full recording; source=rpi-orcasound-lab_2020_09_01_15_15_00.wav; original_classes=AB,dclde_orcasound_full_recording,100
abiotic,rpi_orcasound_lab,2020_09_01_16_36_00_PST,https://storage.googleapis.com/noaa-passive-bioacoustic/dclde/2027/dclde_2027_killer_whales/orcasound/audio/orcasound_lab/rpi-orcasound-lab_2020_09_01_16_36_00.wav,DCLDE Orcasound full recording; source=rpi-orcasound-lab_2020_09_01_16_36_00.wav; original_classes=AB,dclde_orcasound_full_recording,100
abiotic,rpi_orcasound_lab,2020_09_01_16_37_00_PST,https://storage.googleapis.com/noaa-passive-bioacoustic/dclde/2027/dclde_2027_killer_whales/orcasound/audio/orcasound_lab/rpi-orcasound-lab_2020_09_01_16_37_00.wav,DCLDE Orcasound full recording; source=rpi-orcasound-lab_2020_09_01_16_37_00.wav; original_classes=AB,dclde_orcasound_full_recording,100
abiotic,rpi_orcasound_lab,2020_09_01_16_40_00_PST,https://storage.googleapis.com/noaa-passive-bioacoustic/dclde/2027/dclde_2027_killer_whales/orcasound/audio/orcasound_lab/rpi-orcasound-lab_2020_09_01_16_40_00.wav,DCLDE Orcasound full recording; source=rpi-orcasound-lab_2020_09_01_16_40_00.wav; original_classes=AB,dclde_orcasound_full_recording,100
abiotic,rpi_orcasound_lab,2020_09_05_13_03_00_PST,https://storage.googleapis.com/noaa-passive-bioacoustic/dclde/2027/dclde_2027_killer_whales/orcasound/audio/orcasound_lab/rpi-orcasound-lab_2020_09_05_13_03_00.wav,DCLDE Orcasound full recording; source=rpi-orcasound-lab_2020_09_05_13_03_00.wav; original_classes=AB,dclde_orcasound_full_recording,100
abiotic,rpi_orcasound_lab,2020_09_05_13_04_00_PST,https://storage.googleapis.com/noaa-passive-bioacoustic/dclde/2027/dclde_2027_killer_whales/orcasound/audio/orcasound_lab/rpi-orcasound-lab_2020_09_05_13_04_00.wav,DCLDE Orcasound full recording; source=rpi-orcasound-lab_2020_09_05_13_04_00.wav; original_classes=AB,dclde_orcasound_full_recording,100
abiotic,rpi_orcasound_lab,2020_09_05_13_05_00_PST,https://storage.googleapis.com/noaa-passive-bioacoustic/dclde/2027/dclde_2027_killer_whales/orcasound/audio/orcasound_lab/rpi-orcasound-lab_2020_09_05_13_05_00.wav,DCLDE Orcasound full recording; source=rpi-orcasound-lab_2020_09_05_13_05_00.wav; original_classes=AB,dclde_orcasound_full_recording,100
abiotic,rpi_orcasound_lab,2020_09_05_13_06_00_PST,https://storage.googleapis.com/noaa-passive-bioacoustic/dclde/2027/dclde_2027_killer_whales/orcasound/audio/orcasound_lab/rpi-orcasound-lab_2020_09_05_13_06_00.wav,DCLDE Orcasound full recording; source=rpi-orcasound-lab_2020_09_05_13_06_00.wav; original_classes=AB,dclde_orcasound_full_recording,100
abiotic,rpi_orcasound_lab,2020_09_05_13_08_00_PST,https://storage.googleapis.com/noaa-passive-bioacoustic/dclde/2027/dclde_2027_killer_whales/orcasound/audio/orcasound_lab/rpi-orcasound-lab_2020_09_05_13_08_00.wav,DCLDE Orcasound full recording; source=rpi-orcasound-lab_2020_09_05_13_08_00.wav; original_classes=AB,dclde_orcasound_full_recording,100
abiotic,rpi_orcasound_lab,2020_09_05_13_09_00_PST,https://storage.googleapis.com/noaa-passive-bioacoustic/dclde/2027/dclde_2027_killer_whales/orcasound/audio/orcasound_lab/rpi-orcasound-lab_2020_09_05_13_09_00.wav,DCLDE Orcasound full recording; source=rpi-orcasound-lab_2020_09_05_13_09_00.wav; original_classes=AB,dclde_orcasound_full_recording,100
abiotic,rpi_orcasound_lab,2020_09_05_13_10_00_PST,https://storage.googleapis.com/noaa-passive-bioacoustic/dclde/2027/dclde_2027_killer_whales/orcasound/audio/orcasound_lab/rpi-orcasound-lab_2020_09_05_13_10_00.wav,DCLDE Orcasound full recording; source=rpi-orcasound-lab_2020_09_05_13_10_00.wav; original_classes=AB,dclde_orcasound_full_recording,100
abiotic,rpi_orcasound_lab,2020_09_05_13_11_00_PST,https://storage.googleapis.com/noaa-passive-bioacoustic/dclde/2027/dclde_2027_killer_whales/orcasound/audio/orcasound_lab/rpi-orcasound-lab_2020_09_05_13_11_00.wav,DCLDE Orcasound full recording; source=rpi-orcasound-lab_2020_09_05_13_11_00.wav; original_classes=AB,dclde_orcasound_full_recording,100
abiotic,rpi_orcasound_lab,2020_09_05_13_12_00_PST,https://storage.googleapis.com/noaa-passive-bioacoustic/dclde/2027/dclde_2027_killer_whales/orcasound/audio/orcasound_lab/rpi-orcasound-lab_2020_09_05_13_12_00.wav,DCLDE Orcasound full recording; source=rpi-orcasound-lab_2020_09_05_13_12_00.wav; original_classes=AB,dclde_orcasound_full_recording,100
abiotic,rpi_orcasound_lab,2020_09_05_13_14_00_PST,https://storage.googleapis.com/noaa-passive-bioacoustic/dclde/2027/dclde_2027_killer_whales/orcasound/audio/orcasound_lab/rpi-orcasound-lab_2020_09_05_13_14_00.wav,DCLDE Orcasound full recording; source=rpi-orcasound-lab_2020_09_05_13_14_00.wav; original_classes=AB,dclde_orcasound_full_recording,100
abiotic,rpi_orcasound_lab,2020_09_05_13_20_00_PST,https://storage.googleapis.com/noaa-passive-bioacoustic/dclde/2027/dclde_2027_killer_whales/orcasound/audio/orcasound_lab/rpi-orcasound-lab_2020_09_05_13_20_00.wav,DCLDE Orcasound full recording; source=rpi-orcasound-lab_2020_09_05_13_20_00.wav; original_classes=AB,dclde_orcasound_full_recording,100
abiotic,rpi_orcasound_lab,2020_09_05_13_21_00_PST,https://storage.googleapis.com/noaa-passive-bioacoustic/dclde/2027/dclde_2027_killer_whales/orcasound/audio/orcasound_lab/rpi-orcasound-lab_2020_09_05_13_21_00.wav,DCLDE Orcasound full recording; source=rpi-orcasound-lab_2020_09_05_13_21_00.wav; original_classes=AB,dclde_orcasound_full_recording,100
abiotic,rpi_orcasound_lab,2020_09_05_13_22_00_PST,https://storage.googleapis.com/noaa-passive-bioacoustic/dclde/2027/dclde_2027_killer_whales/orcasound/audio/orcasound_lab/rpi-orcasound-lab_2020_09_05_13_22_00.wav,DCLDE Orcasound full recording; source=rpi-orcasound-lab_2020_09_05_13_22_00.wav; original_classes=AB,dclde_orcasound_full_recording,100
abiotic,rpi_orcasound_lab,2020_09_05_13_23_00_PST,https://storage.googleapis.com/noaa-passive-bioacoustic/dclde/2027/dclde_2027_killer_whales/orcasound/audio/orcasound_lab/rpi-orcasound-lab_2020_09_05_13_23_00.wav,DCLDE Orcasound full recording; source=rpi-orcasound-lab_2020_09_05_13_23_00.wav; original_classes=AB,dclde_orcasound_full_recording,100
abiotic,rpi_orcasound_lab,2020_09_05_13_24_00_PST,https://storage.googleapis.com/noaa-passive-bioacoustic/dclde/2027/dclde_2027_killer_whales/orcasound/audio/orcasound_lab/rpi-orcasound-lab_2020_09_05_13_24_00.wav,DCLDE Orcasound full recording; source=rpi-orcasound-lab_2020_09_05_13_24_00.wav; original_classes=AB,dclde_orcasound_full_recording,100
abiotic,rpi_orcasound_lab,2020_09_05_13_25_00_PST,https://storage.googleapis.com/noaa-passive-bioacoustic/dclde/2027/dclde_2027_killer_whales/orcasound/audio/orcasound_lab/rpi-orcasound-lab_2020_09_05_13_25_00.wav,DCLDE Orcasound full recording; source=rpi-orcasound-lab_2020_09_05_13_25_00.wav; original_classes=AB,dclde_orcasound_full_recording,100
abiotic,rpi_orcasound_lab,2020_09_05_13_29_00_PST,https://storage.googleapis.com/noaa-passive-bioacoustic/dclde/2027/dclde_2027_killer_whales/orcasound/audio/orcasound_lab/rpi-orcasound-lab_2020_09_05_13_29_00.wav,DCLDE Orcasound full recording; source=rpi-orcasound-lab_2020_09_05_13_29_00.wav; original_classes=AB,dclde_orcasound_full_recording,100
abiotic,rpi_orcasound_lab,2020_09_05_13_30_00_PST,https://storage.googleapis.com/noaa-passive-bioacoustic/dclde/2027/dclde_2027_killer_whales/orcasound/audio/orcasound_lab/rpi-orcasound-lab_2020_09_05_13_30_00.wav,DCLDE Orcasound full recording; source=rpi-orcasound-lab_2020_09_05_13_30_00.wav; original_classes=AB,dclde_orcasound_full_recording,100
abiotic,rpi_orcasound_lab,2020_09_05_13_31_00_PST,https://storage.googleapis.com/noaa-passive-bioacoustic/dclde/2027/dclde_2027_killer_whales/orcasound/audio/orcasound_lab/rpi-orcasound-lab_2020_09_05_13_31_00.wav,DCLDE Orcasound full recording; source=rpi-orcasound-lab_2020_09_05_13_31_00.wav; original_classes=AB,dclde_orcasound_full_recording,100
abiotic,rpi_orcasound_lab,2020_09_05_13_33_00_PST,https://storage.googleapis.com/noaa-passive-bioacoustic/dclde/2027/dclde_2027_killer_whales/orcasound/audio/orcasound_lab/rpi-orcasound-lab_2020_09_05_13_33_00.wav,DCLDE Orcasound full recording; source=rpi-orcasound-lab_2020_09_05_13_33_00.wav; original_classes=AB,dclde_orcasound_full_recording,100
abiotic,rpi_orcasound_lab,2020_09_05_13_34_00_PST,https://storage.googleapis.com/noaa-passive-bioacoustic/dclde/2027/dclde_2027_killer_whales/orcasound/audio/orcasound_lab/rpi-orcasound-lab_2020_09_05_13_34_00.wav,DCLDE Orcasound full recording; source=rpi-orcasound-lab_2020_09_05_13_34_00.wav; original_classes=AB,dclde_orcasound_full_recording,100
abiotic,rpi_orcasound_lab,2020_09_05_13_35_00_PST,https://storage.googleapis.com/noaa-passive-bioacoustic/dclde/2027/dclde_2027_killer_whales/orcasound/audio/orcasound_lab/rpi-orcasound-lab_2020_09_05_13_35_00.wav,DCLDE Orcasound full recording; source=rpi-orcasound-lab_2020_09_05_13_35_00.wav; original_classes=AB,dclde_orcasound_full_recording,100
abiotic,rpi_orcasound_lab,2020_09_05_13_40_00_PST,https://storage.googleapis.com/noaa-passive-bioacoustic/dclde/2027/dclde_2027_killer_whales/orcasound/audio/orcasound_lab/rpi-orcasound-lab_2020_09_05_13_40_00.wav,DCLDE Orcasound full recording; source=rpi-orcasound-lab_2020_09_05_13_40_00.wav; original_classes=AB,dclde_orcasound_full_recording,100
abiotic,rpi_orcasound_lab,2020_09_05_13_42_00_PST,https://storage.googleapis.com/noaa-passive-bioacoustic/dclde/2027/dclde_2027_killer_whales/orcasound/audio/orcasound_lab/rpi-orcasound-lab_2020_09_05_13_42_00.wav,DCLDE Orcasound full recording; source=rpi-orcasound-lab_2020_09_05_13_42_00.wav; original_classes=AB,dclde_orcasound_full_recording,100
abiotic,rpi_orcasound_lab,2020_09_05_13_43_00_PST,https://storage.googleapis.com/noaa-passive-bioacoustic/dclde/2027/dclde_2027_killer_whales/orcasound/audio/orcasound_lab/rpi-orcasound-lab_2020_09_05_13_43_00.wav,DCLDE Orcasound full recording; source=rpi-orcasound-lab_2020_09_05_13_43_00.wav; original_classes=AB,dclde_orcasound_full_recording,100
abiotic,rpi_orcasound_lab,2020_09_05_13_49_00_PST,https://storage.googleapis.com/noaa-passive-bioacoustic/dclde/2027/dclde_2027_killer_whales/orcasound/audio/orcasound_lab/rpi-orcasound-lab_2020_09_05_13_49_00.wav,DCLDE Orcasound full recording; source=rpi-orcasound-lab_2020_09_05_13_49_00.wav; original_classes=AB,dclde_orcasound_full_recording,100
abiotic,rpi_orcasound_lab,2020_09_05_13_50_00_PST,https://storage.googleapis.com/noaa-passive-bioacoustic/dclde/2027/dclde_2027_killer_whales/orcasound/audio/orcasound_lab/rpi-orcasound-lab_2020_09_05_13_50_00.wav,DCLDE Orcasound full recording; source=rpi-orcasound-lab_2020_09_05_13_50_00.wav; original_classes=AB,dclde_orcasound_full_recording,100
abiotic,rpi_orcasound_lab,2020_09_05_14_04_00_PST,https://storage.googleapis.com/noaa-passive-bioacoustic/dclde/2027/dclde_2027_killer_whales/orcasound/audio/orcasound_lab/rpi-orcasound-lab_2020_09_05_14_04_00.wav,DCLDE Orcasound full recording; source=rpi-orcasound-lab_2020_09_05_14_04_00.wav; original_classes=AB,dclde_orcasound_full_recording,100
abiotic,rpi_orcasound_lab,2020_09_05_14_05_00_PST,https://storage.googleapis.com/noaa-passive-bioacoustic/dclde/2027/dclde_2027_killer_whales/orcasound/audio/orcasound_lab/rpi-orcasound-lab_2020_09_05_14_05_00.wav,DCLDE Orcasound full recording; source=rpi-orcasound-lab_2020_09_05_14_05_00.wav; original_classes=AB,dclde_orcasound_full_recording,100
abiotic,rpi_orcasound_lab,2020_09_05_14_08_00_PST,https://storage.googleapis.com/noaa-passive-bioacoustic/dclde/2027/dclde_2027_killer_whales/orcasound/audio/orcasound_lab/rpi-orcasound-lab_2020_09_05_14_08_00.wav,DCLDE Orcasound full recording; source=rpi-orcasound-lab_2020_09_05_14_08_00.wav; original_classes=AB,dclde_orcasound_full_recording,100
abiotic,rpi_orcasound_lab,2020_09_05_14_09_00_PST,https://storage.googleapis.com/noaa-passive-bioacoustic/dclde/2027/dclde_2027_killer_whales/orcasound/audio/orcasound_lab/rpi-orcasound-lab_2020_09_05_14_09_00.wav,DCLDE Orcasound full recording; source=rpi-orcasound-lab_2020_09_05_14_09_00.wav; original_classes=AB,dclde_orcasound_full_recording,100
abiotic,rpi_orcasound_lab,2020_09_05_14_17_00_PST,https://storage.googleapis.com/noaa-passive-bioacoustic/dclde/2027/dclde_2027_killer_whales/orcasound/audio/orcasound_lab/rpi-orcasound-lab_2020_09_05_14_17_00.wav,DCLDE Orcasound full recording; source=rpi-orcasound-lab_2020_09_05_14_17_00.wav; original_classes=AB,dclde_orcasound_full_recording,100
abiotic,rpi_orcasound_lab,2020_09_05_14_18_00_PST,https://storage.googleapis.com/noaa-passive-bioacoustic/dclde/2027/dclde_2027_killer_whales/orcasound/audio/orcasound_lab/rpi-orcasound-lab_2020_09_05_14_18_00.wav,DCLDE Orcasound full recording; source=rpi-orcasound-lab_2020_09_05_14_18_00.wav; original_classes=AB,dclde_orcasound_full_recording,100
abiotic,rpi_orcasound_lab,2020_09_05_14_19_00_PST,https://storage.googleapis.com/noaa-passive-bioacoustic/dclde/2027/dclde_2027_killer_whales/orcasound/audio/orcasound_lab/rpi-orcasound-lab_2020_09_05_14_19_00.wav,DCLDE Orcasound full recording; source=rpi-orcasound-lab_2020_09_05_14_19_00.wav; original_classes=AB,dclde_orcasound_full_recording,100
abiotic,rpi_orcasound_lab,2020_09_05_14_22_00_PST,https://storage.googleapis.com/noaa-passive-bioacoustic/dclde/2027/dclde_2027_killer_whales/orcasound/audio/orcasound_lab/rpi-orcasound-lab_2020_09_05_14_22_00.wav,DCLDE Orcasound full recording; source=rpi-orcasound-lab_2020_09_05_14_22_00.wav; original_classes=AB,dclde_orcasound_full_recording,100
abiotic,rpi_orcasound_lab,2020_09_05_14_23_00_PST,https://storage.googleapis.com/noaa-passive-bioacoustic/dclde/2027/dclde_2027_killer_whales/orcasound/audio/orcasound_lab/rpi-orcasound-lab_2020_09_05_14_23_00.wav,DCLDE Orcasound full recording; source=rpi-orcasound-lab_2020_09_05_14_23_00.wav; original_classes=AB,dclde_orcasound_full_recording,100
abiotic,rpi_orcasound_lab,2020_09_05_14_24_00_PST,https://storage.googleapis.com/noaa-passive-bioacoustic/dclde/2027/dclde_2027_killer_whales/orcasound/audio/orcasound_lab/rpi-orcasound-lab_2020_09_05_14_24_00.wav,DCLDE Orcasound full recording; source=rpi-orcasound-lab_2020_09_05_14_24_00.wav; original_classes=AB,dclde_orcasound_full_recording,100
abiotic,rpi_orcasound_lab,2020_09_05_14_25_00_PST,https://storage.googleapis.com/noaa-passive-bioacoustic/dclde/2027/dclde_2027_killer_whales/orcasound/audio/orcasound_lab/rpi-orcasound-lab_2020_09_05_14_25_00.wav,DCLDE Orcasound full recording; source=rpi-orcasound-lab_2020_09_05_14_25_00.wav; original_classes=AB,dclde_orcasound_full_recording,100
abiotic,rpi_orcasound_lab,2020_09_05_14_26_00_PST,https://storage.googleapis.com/noaa-passive-bioacoustic/dclde/2027/dclde_2027_killer_whales/orcasound/audio/orcasound_lab/rpi-orcasound-lab_2020_09_05_14_26_00.wav,DCLDE Orcasound full recording; source=rpi-orcasound-lab_2020_09_05_14_26_00.wav; original_classes=AB,dclde_orcasound_full_recording,100
abiotic,rpi_orcasound_lab,2020_09_05_14_29_00_PST,https://storage.googleapis.com/noaa-passive-bioacoustic/dclde/2027/dclde_2027_killer_whales/orcasound/audio/orcasound_lab/rpi-orcasound-lab_2020_09_05_14_29_00.wav,DCLDE Orcasound full recording; source=rpi-orcasound-lab_2020_09_05_14_29_00.wav; original_classes=AB,dclde_orcasound_full_recording,100
abiotic,rpi_orcasound_lab,2020_09_05_14_30_00_PST,https://storage.googleapis.com/noaa-passive-bioacoustic/dclde/2027/dclde_2027_killer_whales/orcasound/audio/orcasound_lab/rpi-orcasound-lab_2020_09_05_14_30_00.wav,DCLDE Orcasound full recording; source=rpi-orcasound-lab_2020_09_05_14_30_00.wav; original_classes=AB,dclde_orcasound_full_recording,100
abiotic,rpi_orcasound_lab,2020_09_05_14_31_00_PST,https://storage.googleapis.com/noaa-passive-bioacoustic/dclde/2027/dclde_2027_killer_whales/orcasound/audio/orcasound_lab/rpi-orcasound-lab_2020_09_05_14_31_00.wav,DCLDE Orcasound full recording; source=rpi-orcasound-lab_2020_09_05_14_31_00.wav; original_classes=AB,dclde_orcasound_full_recording,100
abiotic,rpi_orcasound_lab,2020_09_05_14_34_00_PST,https://storage.googleapis.com/noaa-passive-bioacoustic/dclde/2027/dclde_2027_killer_whales/orcasound/audio/orcasound_lab/rpi-orcasound-lab_2020_09_05_14_34_00.wav,DCLDE Orcasound full recording; source=rpi-orcasound-lab_2020_09_05_14_34_00.wav; original_classes=AB,dclde_orcasound_full_recording,100
abiotic,rpi_orcasound_lab,2020_09_05_14_36_00_PST,https://storage.googleapis.com/noaa-passive-bioacoustic/dclde/2027/dclde_2027_killer_whales/orcasound/audio/orcasound_lab/rpi-orcasound-lab_2020_09_05_14_36_00.wav,DCLDE Orcasound full recording; source=rpi-orcasound-lab_2020_09_05_14_36_00.wav; original_classes=AB,dclde_orcasound_full_recording,100
abiotic,rpi_orcasound_lab,2020_09_05_14_37_00_PST,https://storage.googleapis.com/noaa-passive-bioacoustic/dclde/2027/dclde_2027_killer_whales/orcasound/audio/orcasound_lab/rpi-orcasound-lab_2020_09_05_14_37_00.wav,DCLDE Orcasound full recording; source=rpi-orcasound-lab_2020_09_05_14_37_00.wav; original_classes=AB,dclde_orcasound_full_recording,100
abiotic,rpi_orcasound_lab,2020_09_05_14_38_00_PST,https://storage.googleapis.com/noaa-passive-bioacoustic/dclde/2027/dclde_2027_killer_whales/orcasound/audio/orcasound_lab/rpi-orcasound-lab_2020_09_05_14_38_00.wav,DCLDE Orcasound full recording; source=rpi-orcasound-lab_2020_09_05_14_38_00.wav; original_classes=AB,dclde_orcasound_full_recording,100
abiotic,rpi_orcasound_lab,2020_09_05_14_39_00_PST,https://storage.googleapis.com/noaa-passive-bioacoustic/dclde/2027/dclde_2027_killer_whales/orcasound/audio/orcasound_lab/rpi-orcasound-lab_2020_09_05_14_39_00.wav,DCLDE Orcasound full recording; source=rpi-orcasound-lab_2020_09_05_14_39_00.wav; original_classes=AB,dclde_orcasound_full_recording,100
abiotic,rpi_orcasound_lab,2020_09_05_14_40_00_PST,https://storage.googleapis.com/noaa-passive-bioacoustic/dclde/2027/dclde_2027_killer_whales/orcasound/audio/orcasound_lab/rpi-orcasound-lab_2020_09_05_14_40_00.wav,DCLDE Orcasound full recording; source=rpi-orcasound-lab_2020_09_05_14_40_00.wav; original_classes=AB,dclde_orcasound_full_recording,100
abiotic,rpi_orcasound_lab,2020_09_05_14_41_00_PST,https://storage.googleapis.com/noaa-passive-bioacoustic/dclde/2027/dclde_2027_killer_whales/orcasound/audio/orcasound_lab/rpi-orcasound-lab_2020_09_05_14_41_00.wav,DCLDE Orcasound full recording; source=rpi-orcasound-lab_2020_09_05_14_41_00.wav; original_classes=AB,dclde_orcasound_full_recording,100
abiotic,rpi_orcasound_lab,2020_09_05_14_42_00_PST,https://storage.googleapis.com/noaa-passive-bioacoustic/dclde/2027/dclde_2027_killer_whales/orcasound/audio/orcasound_lab/rpi-orcasound-lab_2020_09_05_14_42_00.wav,DCLDE Orcasound full recording; source=rpi-orcasound-lab_2020_09_05_14_42_00.wav; original_classes=AB,dclde_orcasound_full_recording,100
abiotic,rpi_orcasound_lab,2020_09_05_14_43_00_PST,https://storage.googleapis.com/noaa-passive-bioacoustic/dclde/2027/dclde_2027_killer_whales/orcasound/audio/orcasound_lab/rpi-orcasound-lab_2020_09_05_14_43_00.wav,DCLDE Orcasound full recording; source=rpi-orcasound-lab_2020_09_05_14_43_00.wav; original_classes=AB,dclde_orcasound_full_recording,100
abiotic,rpi_orcasound_lab,2020_09_05_14_44_00_PST,https://storage.googleapis.com/noaa-passive-bioacoustic/dclde/2027/dclde_2027_killer_whales/orcasound/audio/orcasound_lab/rpi-orcasound-lab_2020_09_05_14_44_00.wav,DCLDE Orcasound full recording; source=rpi-orcasound-lab_2020_09_05_14_44_00.wav; original_classes=AB,dclde_orcasound_full_recording,100
abiotic,rpi_orcasound_lab,2020_09_05_14_45_00_PST,https://storage.googleapis.com/noaa-passive-bioacoustic/dclde/2027/dclde_2027_killer_whales/orcasound/audio/orcasound_lab/rpi-orcasound-lab_2020_09_05_14_45_00.wav,DCLDE Orcasound full recording; source=rpi-orcasound-lab_2020_09_05_14_45_00.wav; original_classes=AB,dclde_orcasound_full_recording,100
abiotic,rpi_orcasound_lab,2020_09_05_14_47_00_PST,https://storage.googleapis.com/noaa-passive-bioacoustic/dclde/2027/dclde_2027_killer_whales/orcasound/audio/orcasound_lab/rpi-orcasound-lab_2020_09_05_14_47_00.wav,DCLDE Orcasound full recording; source=rpi-orcasound-lab_2020_09_05_14_47_00.wav; original_classes=AB,dclde_orcasound_full_recording,100
abiotic,rpi_orcasound_lab,2020_09_05_14_48_00_PST,https://storage.googleapis.com/noaa-passive-bioacoustic/dclde/2027/dclde_2027_killer_whales/orcasound/audio/orcasound_lab/rpi-orcasound-lab_2020_09_05_14_48_00.wav,DCLDE Orcasound full recording; source=rpi-orcasound-lab_2020_09_05_14_48_00.wav; original_classes=AB,dclde_orcasound_full_recording,100
abiotic,rpi_orcasound_lab,2020_09_05_14_49_00_PST,https://storage.googleapis.com/noaa-passive-bioacoustic/dclde/2027/dclde_2027_killer_whales/orcasound/audio/orcasound_lab/rpi-orcasound-lab_2020_09_05_14_49_00.wav,DCLDE Orcasound full recording; source=rpi-orcasound-lab_2020_09_05_14_49_00.wav; original_classes=AB,dclde_orcasound_full_recording,100
abiotic,rpi_orcasound_lab,2020_09_05_14_50_00_PST,https://storage.googleapis.com/noaa-passive-bioacoustic/dclde/2027/dclde_2027_killer_whales/orcasound/audio/orcasound_lab/rpi-orcasound-lab_2020_09_05_14_50_00.wav,DCLDE Orcasound full recording; source=rpi-orcasound-lab_2020_09_05_14_50_00.wav; original_classes=AB,dclde_orcasound_full_recording,100
abiotic,rpi_orcasound_lab,2020_09_05_14_51_00_PST,https://storage.googleapis.com/noaa-passive-bioacoustic/dclde/2027/dclde_2027_killer_whales/orcasound/audio/orcasound_lab/rpi-orcasound-lab_2020_09_05_14_51_00.wav,DCLDE Orcasound full recording; source=rpi-orcasound-lab_2020_09_05_14_51_00.wav; original_classes=AB,dclde_orcasound_full_recording,100
abiotic,rpi_orcasound_lab,2020_09_05_14_52_00_PST,https://storage.googleapis.com/noaa-passive-bioacoustic/dclde/2027/dclde_2027_killer_whales/orcasound/audio/orcasound_lab/rpi-orcasound-lab_2020_09_05_14_52_00.wav,DCLDE Orcasound full recording; source=rpi-orcasound-lab_2020_09_05_14_52_00.wav; original_classes=AB,dclde_orcasound_full_recording,100
abiotic,rpi_orcasound_lab,2020_09_05_14_53_00_PST,https://storage.googleapis.com/noaa-passive-bioacoustic/dclde/2027/dclde_2027_killer_whales/orcasound/audio/orcasound_lab/rpi-orcasound-lab_2020_09_05_14_53_00.wav,DCLDE Orcasound full recording; source=rpi-orcasound-lab_2020_09_05_14_53_00.wav; original_classes=AB,dclde_orcasound_full_recording,100
abiotic,rpi_orcasound_lab,2020_09_05_14_54_00_PST,https://storage.googleapis.com/noaa-passive-bioacoustic/dclde/2027/dclde_2027_killer_whales/orcasound/audio/orcasound_lab/rpi-orcasound-lab_2020_09_05_14_54_00.wav,DCLDE Orcasound full recording; source=rpi-orcasound-lab_2020_09_05_14_54_00.wav; original_classes=AB,dclde_orcasound_full_recording,100
abiotic,rpi_orcasound_lab,2020_09_05_14_55_00_PST,https://storage.googleapis.com/noaa-passive-bioacoustic/dclde/2027/dclde_2027_killer_whales/orcasound/audio/orcasound_lab/rpi-orcasound-lab_2020_09_05_14_55_00.wav,DCLDE Orcasound full recording; source=rpi-orcasound-lab_2020_09_05_14_55_00.wav; original_classes=AB,dclde_orcasound_full_recording,100
abiotic,rpi_orcasound_lab,2020_09_05_14_56_00_PST,https://storage.googleapis.com/noaa-passive-bioacoustic/dclde/2027/dclde_2027_killer_whales/orcasound/audio/orcasound_lab/rpi-orcasound-lab_2020_09_05_14_56_00.wav,DCLDE Orcasound full recording; source=rpi-orcasound-lab_2020_09_05_14_56_00.wav; original_classes=AB,dclde_orcasound_full_recording,100
abiotic,rpi_orcasound_lab,2020_09_05_14_57_00_PST,https://storage.googleapis.com/noaa-passive-bioacoustic/dclde/2027/dclde_2027_killer_whales/orcasound/audio/orcasound_lab/rpi-orcasound-lab_2020_09_05_14_57_00.wav,DCLDE Orcasound full recording; source=rpi-orcasound-lab_2020_09_05_14_57_00.wav; original_classes=AB,dclde_orcasound_full_recording,100
abiotic,rpi_orcasound_lab,2020_09_05_14_58_00_PST,https://storage.googleapis.com/noaa-passive-bioacoustic/dclde/2027/dclde_2027_killer_whales/orcasound/audio/orcasound_lab/rpi-orcasound-lab_2020_09_05_14_58_00.wav,DCLDE Orcasound full recording; source=rpi-orcasound-lab_2020_09_05_14_58_00.wav; original_classes=AB,dclde_orcasound_full_recording,100
abiotic,rpi_orcasound_lab,2020_09_05_14_59_00_PST,https://storage.googleapis.com/noaa-passive-bioacoustic/dclde/2027/dclde_2027_killer_whales/orcasound/audio/orcasound_lab/rpi-orcasound-lab_2020_09_05_14_59_00.wav,DCLDE Orcasound full recording; source=rpi-orcasound-lab_2020_09_05_14_59_00.wav; original_classes=AB,dclde_orcasound_full_recording,100
abiotic,rpi_orcasound_lab,2020_09_06_13_00_00_PST,https://storage.googleapis.com/noaa-passive-bioacoustic/dclde/2027/dclde_2027_killer_whales/orcasound/audio/orcasound_lab/rpi-orcasound-lab_2020_09_06_13_00_00.wav,DCLDE Orcasound full recording; source=rpi-orcasound-lab_2020_09_06_13_00_00.wav; original_classes=AB,dclde_orcasound_full_recording,100
abiotic,rpi_orcasound_lab,2020_09_06_13_03_00_PST,https://storage.googleapis.com/noaa-passive-bioacoustic/dclde/2027/dclde_2027_killer_whales/orcasound/audio/orcasound_lab/rpi-orcasound-lab_2020_09_06_13_03_00.wav,DCLDE Orcasound full recording; source=rpi-orcasound-lab_2020_09_06_13_03_00.wav; original_classes=AB,dclde_orcasound_full_recording,100
abiotic,rpi_orcasound_lab,2020_09_06_13_04_00_PST,https://storage.googleapis.com/noaa-passive-bioacoustic/dclde/2027/dclde_2027_killer_whales/orcasound/audio/orcasound_lab/rpi-orcasound-lab_2020_09_06_13_04_00.wav,DCLDE Orcasound full recording; source=rpi-orcasound-lab_2020_09_06_13_04_00.wav; original_classes=AB,dclde_orcasound_full_recording,100
abiotic,rpi_orcasound_lab,2020_09_06_13_11_00_PST,https://storage.googleapis.com/noaa-passive-bioacoustic/dclde/2027/dclde_2027_killer_whales/orcasound/audio/orcasound_lab/rpi-orcasound-lab_2020_09_06_13_11_00.wav,DCLDE Orcasound full recording; source=rpi-orcasound-lab_2020_09_06_13_11_00.wav; original_classes=AB,dclde_orcasound_full_recording,100
abiotic,rpi_orcasound_lab,2020_09_06_13_22_00_PST,https://storage.googleapis.com/noaa-passive-bioacoustic/dclde/2027/dclde_2027_killer_whales/orcasound/audio/orcasound_lab/rpi-orcasound-lab_2020_09_06_13_22_00.wav,DCLDE Orcasound full recording; source=rpi-orcasound-lab_2020_09_06_13_22_00.wav; original_classes=AB,dclde_orcasound_full_recording,100
abiotic,rpi_orcasound_lab,2020_09_06_13_25_00_PST,https://storage.googleapis.com/noaa-passive-bioacoustic/dclde/2027/dclde_2027_killer_whales/orcasound/audio/orcasound_lab/rpi-orcasound-lab_2020_09_06_13_25_00.wav,DCLDE Orcasound full recording; source=rpi-orcasound-lab_2020_09_06_13_25_00.wav; original_classes=AB,dclde_orcasound_full_recording,100
abiotic,rpi_orcasound_lab,2020_09_06_13_26_00_PST,https://storage.googleapis.com/noaa-passive-bioacoustic/dclde/2027/dclde_2027_killer_whales/orcasound/audio/orcasound_lab/rpi-orcasound-lab_2020_09_06_13_26_00.wav,DCLDE Orcasound full recording; source=rpi-orcasound-lab_2020_09_06_13_26_00.wav; original_classes=AB,dclde_orcasound_full_recording,100
abiotic,rpi_orcasound_lab,2020_09_06_13_27_00_PST,https://storage.googleapis.com/noaa-passive-bioacoustic/dclde/2027/dclde_2027_killer_whales/orcasound/audio/orcasound_lab/rpi-orcasound-lab_2020_09_06_13_27_00.wav,DCLDE Orcasound full recording; source=rpi-orcasound-lab_2020_09_06_13_27_00.wav; original_classes=AB,dclde_orcasound_full_recording,100
abiotic,rpi_orcasound_lab,2020_09_06_13_28_00_PST,https://storage.googleapis.com/noaa-passive-bioacoustic/dclde/2027/dclde_2027_killer_whales/orcasound/audio/orcasound_lab/rpi-orcasound-lab_2020_09_06_13_28_00.wav,DCLDE Orcasound full recording; source=rpi-orcasound-lab_2020_09_06_13_28_00.wav; original_classes=AB,dclde_orcasound_full_recording,100
abiotic,rpi_orcasound_lab,2020_09_06_13_29_00_PST,https://storage.googleapis.com/noaa-passive-bioacoustic/dclde/2027/dclde_2027_killer_whales/orcasound/audio/orcasound_lab/rpi-orcasound-lab_2020_09_06_13_29_00.wav,DCLDE Orcasound full recording; source=rpi-orcasound-lab_2020_09_06_13_29_00.wav; original_classes=AB,dclde_orcasound_full_recording,100
abiotic,rpi_orcasound_lab,2020_09_06_13_30_00_PST,https://storage.googleapis.com/noaa-passive-bioacoustic/dclde/2027/dclde_2027_killer_whales/orcasound/audio/orcasound_lab/rpi-orcasound-lab_2020_09_06_13_30_00.wav,DCLDE Orcasound full recording; source=rpi-orcasound-lab_2020_09_06_13_30_00.wav; original_classes=AB,dclde_orcasound_full_recording,100
abiotic,rpi_orcasound_lab,2020_09_06_13_31_00_PST,https://storage.googleapis.com/noaa-passive-bioacoustic/dclde/2027/dclde_2027_killer_whales/orcasound/audio/orcasound_lab/rpi-orcasound-lab_2020_09_06_13_31_00.wav,DCLDE Orcasound full recording; source=rpi-orcasound-lab_2020_09_06_13_31_00.wav; original_classes=AB,dclde_orcasound_full_recording,100
abiotic,rpi_orcasound_lab,2020_09_06_13_32_00_PST,https://storage.googleapis.com/noaa-passive-bioacoustic/dclde/2027/dclde_2027_killer_whales/orcasound/audio/orcasound_lab/rpi-orcasound-lab_2020_09_06_13_32_00.wav,DCLDE Orcasound full recording; source=rpi-orcasound-lab_2020_09_06_13_32_00.wav; original_classes=AB,dclde_orcasound_full_recording,100
abiotic,rpi_orcasound_lab,2020_09_06_13_38_00_PST,https://storage.googleapis.com/noaa-passive-bioacoustic/dclde/2027/dclde_2027_killer_whales/orcasound/audio/orcasound_lab/rpi-orcasound-lab_2020_09_06_13_38_00.wav,DCLDE Orcasound full recording; source=rpi-orcasound-lab_2020_09_06_13_38_00.wav; original_classes=AB,dclde_orcasound_full_recording,100
abiotic,rpi_orcasound_lab,2020_09_06_13_42_00_PST,https://storage.googleapis.com/noaa-passive-bioacoustic/dclde/2027/dclde_2027_killer_whales/orcasound/audio/orcasound_lab/rpi-orcasound-lab_2020_09_06_13_42_00.wav,DCLDE Orcasound full recording; source=rpi-orcasound-lab_2020_09_06_13_42_00.wav; original_classes=AB,dclde_orcasound_full_recording,100
abiotic,rpi_orcasound_lab,2020_09_06_13_52_00_PST,https://storage.googleapis.com/noaa-passive-bioacoustic/dclde/2027/dclde_2027_killer_whales/orcasound/audio/orcasound_lab/rpi-orcasound-lab_2020_09_06_13_52_00.wav,DCLDE Orcasound full recording; source=rpi-orcasound-lab_2020_09_06_13_52_00.wav; original_classes=AB,dclde_orcasound_full_recording,100
abiotic,rpi_orcasound_lab,2020_09_06_13_53_00_PST,https://storage.googleapis.com/noaa-passive-bioacoustic/dclde/2027/dclde_2027_killer_whales/orcasound/audio/orcasound_lab/rpi-orcasound-lab_2020_09_06_13_53_00.wav,DCLDE Orcasound full recording; source=rpi-orcasound-lab_2020_09_06_13_53_00.wav; original_classes=AB,dclde_orcasound_full_recording,100
abiotic,rpi_orcasound_lab,2020_09_06_13_57_00_PST,https://storage.googleapis.com/noaa-passive-bioacoustic/dclde/2027/dclde_2027_killer_whales/orcasound/audio/orcasound_lab/rpi-orcasound-lab_2020_09_06_13_57_00.wav,DCLDE Orcasound full recording; source=rpi-orcasound-lab_2020_09_06_13_57_00.wav; original_classes=AB,dclde_orcasound_full_recording,100
abiotic,rpi_orcasound_lab,2020_09_06_13_58_00_PST,https://storage.googleapis.com/noaa-passive-bioacoustic/dclde/2027/dclde_2027_killer_whales/orcasound/audio/orcasound_lab/rpi-orcasound-lab_2020_09_06_13_58_00.wav,DCLDE Orcasound full recording; source=rpi-orcasound-lab_2020_09_06_13_58_00.wav; original_classes=AB,dclde_orcasound_full_recording,100
abiotic,rpi_orcasound_lab,2020_09_06_14_01_00_PST,https://storage.googleapis.com/noaa-passive-bioacoustic/dclde/2027/dclde_2027_killer_whales/orcasound/audio/orcasound_lab/rpi-orcasound-lab_2020_09_06_14_01_00.wav,DCLDE Orcasound full recording; source=rpi-orcasound-lab_2020_09_06_14_01_00.wav; original_classes=AB,dclde_orcasound_full_recording,100
abiotic,rpi_orcasound_lab,2020_09_06_14_07_00_PST,https://storage.googleapis.com/noaa-passive-bioacoustic/dclde/2027/dclde_2027_killer_whales/orcasound/audio/orcasound_lab/rpi-orcasound-lab_2020_09_06_14_07_00.wav,DCLDE Orcasound full recording; source=rpi-orcasound-lab_2020_09_06_14_07_00.wav; original_classes=AB,dclde_orcasound_full_recording,100
abiotic,rpi_orcasound_lab,2020_09_06_14_08_00_PST,https://storage.googleapis.com/noaa-passive-bioacoustic/dclde/2027/dclde_2027_killer_whales/orcasound/audio/orcasound_lab/rpi-orcasound-lab_2020_09_06_14_08_00.wav,DCLDE Orcasound full recording; source=rpi-orcasound-lab_2020_09_06_14_08_00.wav; original_classes=AB,dclde_orcasound_full_recording,100
abiotic,rpi_orcasound_lab,2020_09_06_14_12_00_PST,https://storage.googleapis.com/noaa-passive-bioacoustic/dclde/2027/dclde_2027_killer_whales/orcasound/audio/orcasound_lab/rpi-orcasound-lab_2020_09_06_14_12_00.wav,DCLDE Orcasound full recording; source=rpi-orcasound-lab_2020_09_06_14_12_00.wav; original_classes=AB,dclde_orcasound_full_recording,100
abiotic,rpi_orcasound_lab,2020_09_06_14_20_00_PST,https://storage.googleapis.com/noaa-passive-bioacoustic/dclde/2027/dclde_2027_killer_whales/orcasound/audio/orcasound_lab/rpi-orcasound-lab_2020_09_06_14_20_00.wav,DCLDE Orcasound full recording; source=rpi-orcasound-lab_2020_09_06_14_20_00.wav; original_classes=AB,dclde_orcasound_full_recording,100
abiotic,rpi_orcasound_lab,2020_09_06_14_21_00_PST,https://storage.googleapis.com/noaa-passive-bioacoustic/dclde/2027/dclde_2027_killer_whales/orcasound/audio/orcasound_lab/rpi-orcasound-lab_2020_09_06_14_21_00.wav,DCLDE Orcasound full recording; source=rpi-orcasound-lab_2020_09_06_14_21_00.wav; original_classes=AB,dclde_orcasound_full_recording,100
abiotic,rpi_orcasound_lab,2020_09_06_14_27_00_PST,https://storage.googleapis.com/noaa-passive-bioacoustic/dclde/2027/dclde_2027_killer_whales/orcasound/audio/orcasound_lab/rpi-orcasound-lab_2020_09_06_14_27_00.wav,DCLDE Orcasound full recording; source=rpi-orcasound-lab_2020_09_06_14_27_00.wav; original_classes=AB,dclde_orcasound_full_recording,100
abiotic,rpi_orcasound_lab,2020_09_06_14_28_00_PST,https://storage.googleapis.com/noaa-passive-bioacoustic/dclde/2027/dclde_2027_killer_whales/orcasound/audio/orcasound_lab/rpi-orcasound-lab_2020_09_06_14_28_00.wav,DCLDE Orcasound full recording; source=rpi-orcasound-lab_2020_09_06_14_28_00.wav; original_classes=AB,dclde_orcasound_full_recording,100
abiotic,rpi_orcasound_lab,2020_09_06_14_29_00_PST,https://storage.googleapis.com/noaa-passive-bioacoustic/dclde/2027/dclde_2027_killer_whales/orcasound/audio/orcasound_lab/rpi-orcasound-lab_2020_09_06_14_29_00.wav,DCLDE Orcasound full recording; source=rpi-orcasound-lab_2020_09_06_14_29_00.wav; original_classes=AB,dclde_orcasound_full_recording,100
abiotic,rpi_orcasound_lab,2020_09_06_14_35_00_PST,https://storage.googleapis.com/noaa-passive-bioacoustic/dclde/2027/dclde_2027_killer_whales/orcasound/audio/orcasound_lab/rpi-orcasound-lab_2020_09_06_14_35_00.wav,DCLDE Orcasound full recording; source=rpi-orcasound-lab_2020_09_06_14_35_00.wav; original_classes=AB,dclde_orcasound_full_recording,100
abiotic,rpi_orcasound_lab,2020_09_06_14_38_00_PST,https://storage.googleapis.com/noaa-passive-bioacoustic/dclde/2027/dclde_2027_killer_whales/orcasound/audio/orcasound_lab/rpi-orcasound-lab_2020_09_06_14_38_00.wav,DCLDE Orcasound full recording; source=rpi-orcasound-lab_2020_09_06_14_38_00.wav; original_classes=AB,dclde_orcasound_full_recording,100
abiotic,rpi_orcasound_lab,2020_09_06_14_39_00_PST,https://storage.googleapis.com/noaa-passive-bioacoustic/dclde/2027/dclde_2027_killer_whales/orcasound/audio/orcasound_lab/rpi-orcasound-lab_2020_09_06_14_39_00.wav,DCLDE Orcasound full recording; source=rpi-orcasound-lab_2020_09_06_14_39_00.wav; original_classes=AB,dclde_orcasound_full_recording,100
abiotic,rpi_orcasound_lab,2020_09_06_14_44_00_PST,https://storage.googleapis.com/noaa-passive-bioacoustic/dclde/2027/dclde_2027_killer_whales/orcasound/audio/orcasound_lab/rpi-orcasound-lab_2020_09_06_14_44_00.wav,DCLDE Orcasound full recording; source=rpi-orcasound-lab_2020_09_06_14_44_00.wav; original_classes=AB,dclde_orcasound_full_recording,100
abiotic,rpi_orcasound_lab,2020_09_06_14_46_00_PST,https://storage.googleapis.com/noaa-passive-bioacoustic/dclde/2027/dclde_2027_killer_whales/orcasound/audio/orcasound_lab/rpi-orcasound-lab_2020_09_06_14_46_00.wav,DCLDE Orcasound full recording; source=rpi-orcasound-lab_2020_09_06_14_46_00.wav; original_classes=AB,dclde_orcasound_full_recording,100
abiotic,rpi_orcasound_lab,2020_09_06_14_51_00_PST,https://storage.googleapis.com/noaa-passive-bioacoustic/dclde/2027/dclde_2027_killer_whales/orcasound/audio/orcasound_lab/rpi-orcasound-lab_2020_09_06_14_51_00.wav,DCLDE Orcasound full recording; source=rpi-orcasound-lab_2020_09_06_14_51_00.wav; original_classes=AB,dclde_orcasound_full_recording,100
abiotic,rpi_orcasound_lab,2020_09_06_14_58_00_PST,https://storage.googleapis.com/noaa-passive-bioacoustic/dclde/2027/dclde_2027_killer_whales/orcasound/audio/orcasound_lab/rpi-orcasound-lab_2020_09_06_14_58_00.wav,DCLDE Orcasound full recording; source=rpi-orcasound-lab_2020_09_06_14_58_00.wav; original_classes=AB,dclde_orcasound_full_recording,100
abiotic,rpi_orcasound_lab,2020_09_06_14_59_00_PST,https://storage.googleapis.com/noaa-passive-bioacoustic/dclde/2027/dclde_2027_killer_whales/orcasound/audio/orcasound_lab/rpi-orcasound-lab_2020_09_06_14_59_00.wav,DCLDE Orcasound full recording; source=rpi-orcasound-lab_2020_09_06_14_59_00.wav; original_classes=AB,dclde_orcasound_full_recording,100
abiotic,rpi_orcasound_lab,2020_09_07_13_12_00_PST,https://storage.googleapis.com/noaa-passive-bioacoustic/dclde/2027/dclde_2027_killer_whales/orcasound/audio/orcasound_lab/rpi-orcasound-lab_2020_09_07_13_12_00.wav,DCLDE Orcasound full recording; source=rpi-orcasound-lab_2020_09_07_13_12_00.wav; original_classes=AB,dclde_orcasound_full_recording,100
abiotic,rpi_orcasound_lab,2020_09_07_13_13_00_PST,https://storage.googleapis.com/noaa-passive-bioacoustic/dclde/2027/dclde_2027_killer_whales/orcasound/audio/orcasound_lab/rpi-orcasound-lab_2020_09_07_13_13_00.wav,DCLDE Orcasound full recording; source=rpi-orcasound-lab_2020_09_07_13_13_00.wav; original_classes=AB,dclde_orcasound_full_recording,100
abiotic,rpi_orcasound_lab,2020_09_07_13_16_00_PST,https://storage.googleapis.com/noaa-passive-bioacoustic/dclde/2027/dclde_2027_killer_whales/orcasound/audio/orcasound_lab/rpi-orcasound-lab_2020_09_07_13_16_00.wav,DCLDE Orcasound full recording; source=rpi-orcasound-lab_2020_09_07_13_16_00.wav; original_classes=AB,dclde_orcasound_full_recording,100
abiotic,rpi_orcasound_lab,2020_09_07_13_17_00_PST,https://storage.googleapis.com/noaa-passive-bioacoustic/dclde/2027/dclde_2027_killer_whales/orcasound/audio/orcasound_lab/rpi-orcasound-lab_2020_09_07_13_17_00.wav,DCLDE Orcasound full recording; source=rpi-orcasound-lab_2020_09_07_13_17_00.wav; original_classes=AB,dclde_orcasound_full_recording,100
abiotic,rpi_orcasound_lab,2020_09_07_13_18_00_PST,https://storage.googleapis.com/noaa-passive-bioacoustic/dclde/2027/dclde_2027_killer_whales/orcasound/audio/orcasound_lab/rpi-orcasound-lab_2020_09_07_13_18_00.wav,DCLDE Orcasound full recording; source=rpi-orcasound-lab_2020_09_07_13_18_00.wav; original_classes=AB,dclde_orcasound_full_recording,100
abiotic,rpi_orcasound_lab,2020_09_07_13_19_00_PST,https://storage.googleapis.com/noaa-passive-bioacoustic/dclde/2027/dclde_2027_killer_whales/orcasound/audio/orcasound_lab/rpi-orcasound-lab_2020_09_07_13_19_00.wav,DCLDE Orcasound full recording; source=rpi-orcasound-lab_2020_09_07_13_19_00.wav; original_classes=AB,dclde_orcasound_full_recording,100
abiotic,rpi_orcasound_lab,2020_09_07_13_20_00_PST,https://storage.googleapis.com/noaa-passive-bioacoustic/dclde/2027/dclde_2027_killer_whales/orcasound/audio/orcasound_lab/rpi-orcasound-lab_2020_09_07_13_20_00.wav,DCLDE Orcasound full recording; source=rpi-orcasound-lab_2020_09_07_13_20_00.wav; original_classes=AB,dclde_orcasound_full_recording,100
abiotic,rpi_orcasound_lab,2020_09_07_13_26_00_PST,https://storage.googleapis.com/noaa-passive-bioacoustic/dclde/2027/dclde_2027_killer_whales/orcasound/audio/orcasound_lab/rpi-orcasound-lab_2020_09_07_13_26_00.wav,DCLDE Orcasound full recording; source=rpi-orcasound-lab_2020_09_07_13_26_00.wav; original_classes=AB,dclde_orcasound_full_recording,100
abiotic,rpi_orcasound_lab,2020_09_07_13_27_00_PST,https://storage.googleapis.com/noaa-passive-bioacoustic/dclde/2027/dclde_2027_killer_whales/orcasound/audio/orcasound_lab/rpi-orcasound-lab_2020_09_07_13_27_00.wav,DCLDE Orcasound full recording; source=rpi-orcasound-lab_2020_09_07_13_27_00.wav; original_classes=AB,dclde_orcasound_full_recording,100
abiotic,rpi_orcasound_lab,2020_09_07_13_28_00_PST,https://storage.googleapis.com/noaa-passive-bioacoustic/dclde/2027/dclde_2027_killer_whales/orcasound/audio/orcasound_lab/rpi-orcasound-lab_2020_09_07_13_28_00.wav,DCLDE Orcasound full recording; source=rpi-orcasound-lab_2020_09_07_13_28_00.wav; original_classes=AB,dclde_orcasound_full_recording,100
abiotic,rpi_orcasound_lab,2020_09_07_13_29_00_PST,https://storage.googleapis.com/noaa-passive-bioacoustic/dclde/2027/dclde_2027_killer_whales/orcasound/audio/orcasound_lab/rpi-orcasound-lab_2020_09_07_13_29_00.wav,DCLDE Orcasound full recording; source=rpi-orcasound-lab_2020_09_07_13_29_00.wav; original_classes=AB,dclde_orcasound_full_recording,100
abiotic,rpi_orcasound_lab,2020_09_07_13_34_00_PST,https://storage.googleapis.com/noaa-passive-bioacoustic/dclde/2027/dclde_2027_killer_whales/orcasound/audio/orcasound_lab/rpi-orcasound-lab_2020_09_07_13_34_00.wav,DCLDE Orcasound full recording; source=rpi-orcasound-lab_2020_09_07_13_34_00.wav; original_classes=AB,dclde_orcasound_full_recording,100
abiotic,rpi_orcasound_lab,2020_09_07_13_36_00_PST,https://storage.googleapis.com/noaa-passive-bioacoustic/dclde/2027/dclde_2027_killer_whales/orcasound/audio/orcasound_lab/rpi-orcasound-lab_2020_09_07_13_36_00.wav,DCLDE Orcasound full recording; source=rpi-orcasound-lab_2020_09_07_13_36_00.wav; original_classes=AB,dclde_orcasound_full_recording,100
abiotic,rpi_orcasound_lab,2020_09_07_13_37_00_PST,https://storage.googleapis.com/noaa-passive-bioacoustic/dclde/2027/dclde_2027_killer_whales/orcasound/audio/orcasound_lab/rpi-orcasound-lab_2020_09_07_13_37_00.wav,DCLDE Orcasound full recording; source=rpi-orcasound-lab_2020_09_07_13_37_00.wav; original_classes=AB,dclde_orcasound_full_recording,100
abiotic,rpi_orcasound_lab,2020_09_07_13_44_00_PST,https://storage.googleapis.com/noaa-passive-bioacoustic/dclde/2027/dclde_2027_killer_whales/orcasound/audio/orcasound_lab/rpi-orcasound-lab_2020_09_07_13_44_00.wav,DCLDE Orcasound full recording; source=rpi-orcasound-lab_2020_09_07_13_44_00.wav; original_classes=AB,dclde_orcasound_full_recording,100
abiotic,rpi_orcasound_lab,2020_09_07_13_47_00_PST,https://storage.googleapis.com/noaa-passive-bioacoustic/dclde/2027/dclde_2027_killer_whales/orcasound/audio/orcasound_lab/rpi-orcasound-lab_2020_09_07_13_47_00.wav,DCLDE Orcasound full recording; source=rpi-orcasound-lab_2020_09_07_13_47_00.wav; original_classes=AB,dclde_orcasound_full_recording,100
abiotic,rpi_orcasound_lab,2020_09_07_13_48_00_PST,https://storage.googleapis.com/noaa-passive-bioacoustic/dclde/2027/dclde_2027_killer_whales/orcasound/audio/orcasound_lab/rpi-orcasound-lab_2020_09_07_13_48_00.wav,DCLDE Orcasound full recording; source=rpi-orcasound-lab_2020_09_07_13_48_00.wav; original_classes=AB,dclde_orcasound_full_recording,100
abiotic,rpi_orcasound_lab,2020_09_07_13_49_00_PST,https://storage.googleapis.com/noaa-passive-bioacoustic/dclde/2027/dclde_2027_killer_whales/orcasound/audio/orcasound_lab/rpi-orcasound-lab_2020_09_07_13_49_00.wav,DCLDE Orcasound full recording; source=rpi-orcasound-lab_2020_09_07_13_49_00.wav; original_classes=AB,dclde_orcasound_full_recording,100
abiotic,rpi_orcasound_lab,2020_09_07_13_50_00_PST,https://storage.googleapis.com/noaa-passive-bioacoustic/dclde/2027/dclde_2027_killer_whales/orcasound/audio/orcasound_lab/rpi-orcasound-lab_2020_09_07_13_50_00.wav,DCLDE Orcasound full recording; source=rpi-orcasound-lab_2020_09_07_13_50_00.wav; original_classes=AB,dclde_orcasound_full_recording,100
abiotic,rpi_orcasound_lab,2020_09_07_13_51_00_PST,https://storage.googleapis.com/noaa-passive-bioacoustic/dclde/2027/dclde_2027_killer_whales/orcasound/audio/orcasound_lab/rpi-orcasound-lab_2020_09_07_13_51_00.wav,DCLDE Orcasound full recording; source=rpi-orcasound-lab_2020_09_07_13_51_00.wav; original_classes=AB,dclde_orcasound_full_recording,100
abiotic,rpi_orcasound_lab,2020_09_07_13_52_00_PST,https://storage.googleapis.com/noaa-passive-bioacoustic/dclde/2027/dclde_2027_killer_whales/orcasound/audio/orcasound_lab/rpi-orcasound-lab_2020_09_07_13_52_00.wav,DCLDE Orcasound full recording; source=rpi-orcasound-lab_2020_09_07_13_52_00.wav; original_classes=AB,dclde_orcasound_full_recording,100
abiotic,rpi_orcasound_lab,2020_09_07_13_53_00_PST,https://storage.googleapis.com/noaa-passive-bioacoustic/dclde/2027/dclde_2027_killer_whales/orcasound/audio/orcasound_lab/rpi-orcasound-lab_2020_09_07_13_53_00.wav,DCLDE Orcasound full recording; source=rpi-orcasound-lab_2020_09_07_13_53_00.wav; original_classes=AB,dclde_orcasound_full_recording,100
abiotic,rpi_orcasound_lab,2020_09_07_13_54_00_PST,https://storage.googleapis.com/noaa-passive-bioacoustic/dclde/2027/dclde_2027_killer_whales/orcasound/audio/orcasound_lab/rpi-orcasound-lab_2020_09_07_13_54_00.wav,DCLDE Orcasound full recording; source=rpi-orcasound-lab_2020_09_07_13_54_00.wav; original_classes=AB,dclde_orcasound_full_recording,100
abiotic,rpi_orcasound_lab,2020_09_07_13_55_00_PST,https://storage.googleapis.com/noaa-passive-bioacoustic/dclde/2027/dclde_2027_killer_whales/orcasound/audio/orcasound_lab/rpi-orcasound-lab_2020_09_07_13_55_00.wav,DCLDE Orcasound full recording; source=rpi-orcasound-lab_2020_09_07_13_55_00.wav; original_classes=AB,dclde_orcasound_full_recording,100
abiotic,rpi_orcasound_lab,2020_09_07_13_58_00_PST,https://storage.googleapis.com/noaa-passive-bioacoustic/dclde/2027/dclde_2027_killer_whales/orcasound/audio/orcasound_lab/rpi-orcasound-lab_2020_09_07_13_58_00.wav,DCLDE Orcasound full recording; source=rpi-orcasound-lab_2020_09_07_13_58_00.wav; original_classes=AB,dclde_orcasound_full_recording,100
abiotic,rpi_orcasound_lab,2020_09_07_13_59_00_PST,https://storage.googleapis.com/noaa-passive-bioacoustic/dclde/2027/dclde_2027_killer_whales/orcasound/audio/orcasound_lab/rpi-orcasound-lab_2020_09_07_13_59_00.wav,DCLDE Orcasound full recording; source=rpi-orcasound-lab_2020_09_07_13_59_00.wav; original_classes=AB,dclde_orcasound_full_recording,100
abiotic,rpi_orcasound_lab,2020_09_07_14_01_00_PST,https://storage.googleapis.com/noaa-passive-bioacoustic/dclde/2027/dclde_2027_killer_whales/orcasound/audio/orcasound_lab/rpi-orcasound-lab_2020_09_07_14_01_00.wav,DCLDE Orcasound full recording; source=rpi-orcasound-lab_2020_09_07_14_01_00.wav; original_classes=AB,dclde_orcasound_full_recording,100
abiotic,rpi_orcasound_lab,2020_09_07_14_02_00_PST,https://storage.googleapis.com/noaa-passive-bioacoustic/dclde/2027/dclde_2027_killer_whales/orcasound/audio/orcasound_lab/rpi-orcasound-lab_2020_09_07_14_02_00.wav,DCLDE Orcasound full recording; source=rpi-orcasound-lab_2020_09_07_14_02_00.wav; original_classes=AB,dclde_orcasound_full_recording,100
abiotic,rpi_orcasound_lab,2020_09_07_14_11_00_PST,https://storage.googleapis.com/noaa-passive-bioacoustic/dclde/2027/dclde_2027_killer_whales/orcasound/audio/orcasound_lab/rpi-orcasound-lab_2020_09_07_14_11_00.wav,DCLDE Orcasound full recording; source=rpi-orcasound-lab_2020_09_07_14_11_00.wav; original_classes=AB,dclde_orcasound_full_recording,100
abiotic,rpi_orcasound_lab,2020_09_07_14_12_00_PST,https://storage.googleapis.com/noaa-passive-bioacoustic/dclde/2027/dclde_2027_killer_whales/orcasound/audio/orcasound_lab/rpi-orcasound-lab_2020_09_07_14_12_00.wav,DCLDE Orcasound full recording; source=rpi-orcasound-lab_2020_09_07_14_12_00.wav; original_classes=AB,dclde_orcasound_full_recording,100
abiotic,rpi_orcasound_lab,2020_09_07_14_13_00_PST,https://storage.googleapis.com/noaa-passive-bioacoustic/dclde/2027/dclde_2027_killer_whales/orcasound/audio/orcasound_lab/rpi-orcasound-lab_2020_09_07_14_13_00.wav,DCLDE Orcasound full recording; source=rpi-orcasound-lab_2020_09_07_14_13_00.wav; original_classes=AB,dclde_orcasound_full_recording,100
abiotic,rpi_orcasound_lab,2020_09_07_14_14_00_PST,https://storage.googleapis.com/noaa-passive-bioacoustic/dclde/2027/dclde_2027_killer_whales/orcasound/audio/orcasound_lab/rpi-orcasound-lab_2020_09_07_14_14_00.wav,DCLDE Orcasound full recording; source=rpi-orcasound-lab_2020_09_07_14_14_00.wav; original_classes=AB,dclde_orcasound_full_recording,100
abiotic,rpi_orcasound_lab,2020_09_07_14_15_00_PST,https://storage.googleapis.com/noaa-passive-bioacoustic/dclde/2027/dclde_2027_killer_whales/orcasound/audio/orcasound_lab/rpi-orcasound-lab_2020_09_07_14_15_00.wav,DCLDE Orcasound full recording; source=rpi-orcasound-lab_2020_09_07_14_15_00.wav; original_classes=AB,dclde_orcasound_full_recording,100
abiotic,rpi_orcasound_lab,2020_09_07_14_16_00_PST,https://storage.googleapis.com/noaa-passive-bioacoustic/dclde/2027/dclde_2027_killer_whales/orcasound/audio/orcasound_lab/rpi-orcasound-lab_2020_09_07_14_16_00.wav,DCLDE Orcasound full recording; source=rpi-orcasound-lab_2020_09_07_14_16_00.wav; original_classes=AB,dclde_orcasound_full_recording,100
abiotic,rpi_orcasound_lab,2020_09_07_14_17_00_PST,https://storage.googleapis.com/noaa-passive-bioacoustic/dclde/2027/dclde_2027_killer_whales/orcasound/audio/orcasound_lab/rpi-orcasound-lab_2020_09_07_14_17_00.wav,DCLDE Orcasound full recording; source=rpi-orcasound-lab_2020_09_07_14_17_00.wav; original_classes=AB,dclde_orcasound_full_recording,100
abiotic,rpi_orcasound_lab,2020_09_07_14_18_00_PST,https://storage.googleapis.com/noaa-passive-bioacoustic/dclde/2027/dclde_2027_killer_whales/orcasound/audio/orcasound_lab/rpi-orcasound-lab_2020_09_07_14_18_00.wav,DCLDE Orcasound full recording; source=rpi-orcasound-lab_2020_09_07_14_18_00.wav; original_classes=AB,dclde_orcasound_full_recording,100
abiotic,rpi_orcasound_lab,2020_09_07_14_21_00_PST,https://storage.googleapis.com/noaa-passive-bioacoustic/dclde/2027/dclde_2027_killer_whales/orcasound/audio/orcasound_lab/rpi-orcasound-lab_2020_09_07_14_21_00.wav,DCLDE Orcasound full recording; source=rpi-orcasound-lab_2020_09_07_14_21_00.wav; original_classes=AB,dclde_orcasound_full_recording,100
abiotic,rpi_orcasound_lab,2020_09_07_14_23_00_PST,https://storage.googleapis.com/noaa-passive-bioacoustic/dclde/2027/dclde_2027_killer_whales/orcasound/audio/orcasound_lab/rpi-orcasound-lab_2020_09_07_14_23_00.wav,DCLDE Orcasound full recording; source=rpi-orcasound-lab_2020_09_07_14_23_00.wav; original_classes=AB,dclde_orcasound_full_recording,100
abiotic,rpi_orcasound_lab,2020_09_07_14_24_00_PST,https://storage.googleapis.com/noaa-passive-bioacoustic/dclde/2027/dclde_2027_killer_whales/orcasound/audio/orcasound_lab/rpi-orcasound-lab_2020_09_07_14_24_00.wav,DCLDE Orcasound full recording; source=rpi-orcasound-lab_2020_09_07_14_24_00.wav; original_classes=AB,dclde_orcasound_full_recording,100
abiotic,rpi_orcasound_lab,2020_09_07_14_25_00_PST,https://storage.googleapis.com/noaa-passive-bioacoustic/dclde/2027/dclde_2027_killer_whales/orcasound/audio/orcasound_lab/rpi-orcasound-lab_2020_09_07_14_25_00.wav,DCLDE Orcasound full recording; source=rpi-orcasound-lab_2020_09_07_14_25_00.wav; original_classes=AB,dclde_orcasound_full_recording,100
abiotic,rpi_orcasound_lab,2020_09_07_14_28_00_PST,https://storage.googleapis.com/noaa-passive-bioacoustic/dclde/2027/dclde_2027_killer_whales/orcasound/audio/orcasound_lab/rpi-orcasound-lab_2020_09_07_14_28_00.wav,DCLDE Orcasound full recording; source=rpi-orcasound-lab_2020_09_07_14_28_00.wav; original_classes=AB,dclde_orcasound_full_recording,100
abiotic,rpi_orcasound_lab,2020_09_07_14_35_00_PST,https://storage.googleapis.com/noaa-passive-bioacoustic/dclde/2027/dclde_2027_killer_whales/orcasound/audio/orcasound_lab/rpi-orcasound-lab_2020_09_07_14_35_00.wav,DCLDE Orcasound full recording; source=rpi-orcasound-lab_2020_09_07_14_35_00.wav; original_classes=AB,dclde_orcasound_full_recording,100
abiotic,rpi_orcasound_lab,2020_09_07_14_36_00_PST,https://storage.googleapis.com/noaa-passive-bioacoustic/dclde/2027/dclde_2027_killer_whales/orcasound/audio/orcasound_lab/rpi-orcasound-lab_2020_09_07_14_36_00.wav,DCLDE Orcasound full recording; source=rpi-orcasound-lab_2020_09_07_14_36_00.wav; original_classes=AB,dclde_orcasound_full_recording,100
abiotic,rpi_orcasound_lab,2020_09_07_14_38_00_PST,https://storage.googleapis.com/noaa-passive-bioacoustic/dclde/2027/dclde_2027_killer_whales/orcasound/audio/orcasound_lab/rpi-orcasound-lab_2020_09_07_14_38_00.wav,DCLDE Orcasound full recording; source=rpi-orcasound-lab_2020_09_07_14_38_00.wav; original_classes=AB,dclde_orcasound_full_recording,100
abiotic,rpi_orcasound_lab,2020_09_07_14_39_00_PST,https://storage.googleapis.com/noaa-passive-bioacoustic/dclde/2027/dclde_2027_killer_whales/orcasound/audio/orcasound_lab/rpi-orcasound-lab_2020_09_07_14_39_00.wav,DCLDE Orcasound full recording; source=rpi-orcasound-lab_2020_09_07_14_39_00.wav; original_classes=AB,dclde_orcasound_full_recording,100
abiotic,rpi_orcasound_lab,2020_09_07_14_40_00_PST,https://storage.googleapis.com/noaa-passive-bioacoustic/dclde/2027/dclde_2027_killer_whales/orcasound/audio/orcasound_lab/rpi-orcasound-lab_2020_09_07_14_40_00.wav,DCLDE Orcasound full recording; source=rpi-orcasound-lab_2020_09_07_14_40_00.wav; original_classes=AB,dclde_orcasound_full_recording,100
abiotic,rpi_orcasound_lab,2020_09_07_14_41_00_PST,https://storage.googleapis.com/noaa-passive-bioacoustic/dclde/2027/dclde_2027_killer_whales/orcasound/audio/orcasound_lab/rpi-orcasound-lab_2020_09_07_14_41_00.wav,DCLDE Orcasound full recording; source=rpi-orcasound-lab_2020_09_07_14_41_00.wav; original_classes=AB,dclde_orcasound_full_recording,100
abiotic,rpi_orcasound_lab,2020_09_07_14_42_00_PST,https://storage.googleapis.com/noaa-passive-bioacoustic/dclde/2027/dclde_2027_killer_whales/orcasound/audio/orcasound_lab/rpi-orcasound-lab_2020_09_07_14_42_00.wav,DCLDE Orcasound full recording; source=rpi-orcasound-lab_2020_09_07_14_42_00.wav; original_classes=AB,dclde_orcasound_full_recording,100
abiotic,rpi_orcasound_lab,2020_09_07_14_43_00_PST,https://storage.googleapis.com/noaa-passive-bioacoustic/dclde/2027/dclde_2027_killer_whales/orcasound/audio/orcasound_lab/rpi-orcasound-lab_2020_09_07_14_43_00.wav,DCLDE Orcasound full recording; source=rpi-orcasound-lab_2020_09_07_14_43_00.wav; original_classes=AB,dclde_orcasound_full_recording,100
abiotic,rpi_orcasound_lab,2020_09_07_14_44_00_PST,https://storage.googleapis.com/noaa-passive-bioacoustic/dclde/2027/dclde_2027_killer_whales/orcasound/audio/orcasound_lab/rpi-orcasound-lab_2020_09_07_14_44_00.wav,DCLDE Orcasound full recording; source=rpi-orcasound-lab_2020_09_07_14_44_00.wav; original_classes=AB,dclde_orcasound_full_recording,100
abiotic,rpi_orcasound_lab,2020_09_07_14_45_00_PST,https://storage.googleapis.com/noaa-passive-bioacoustic/dclde/2027/dclde_2027_killer_whales/orcasound/audio/orcasound_lab/rpi-orcasound-lab_2020_09_07_14_45_00.wav,DCLDE Orcasound full recording; source=rpi-orcasound-lab_2020_09_07_14_45_00.wav; original_classes=AB,dclde_orcasound_full_recording,100
abiotic,rpi_orcasound_lab,2020_09_07_14_46_00_PST,https://storage.googleapis.com/noaa-passive-bioacoustic/dclde/2027/dclde_2027_killer_whales/orcasound/audio/orcasound_lab/rpi-orcasound-lab_2020_09_07_14_46_00.wav,DCLDE Orcasound full recording; source=rpi-orcasound-lab_2020_09_07_14_46_00.wav; original_classes=AB,dclde_orcasound_full_recording,100
abiotic,rpi_orcasound_lab,2020_09_07_14_47_00_PST,https://storage.googleapis.com/noaa-passive-bioacoustic/dclde/2027/dclde_2027_killer_whales/orcasound/audio/orcasound_lab/rpi-orcasound-lab_2020_09_07_14_47_00.wav,DCLDE Orcasound full recording; source=rpi-orcasound-lab_2020_09_07_14_47_00.wav; original_classes=AB,dclde_orcasound_full_recording,100
abiotic,rpi_orcasound_lab,2020_09_07_14_48_00_PST,https://storage.googleapis.com/noaa-passive-bioacoustic/dclde/2027/dclde_2027_killer_whales/orcasound/audio/orcasound_lab/rpi-orcasound-lab_2020_09_07_14_48_00.wav,DCLDE Orcasound full recording; source=rpi-orcasound-lab_2020_09_07_14_48_00.wav; original_classes=AB,dclde_orcasound_full_recording,100
abiotic,rpi_orcasound_lab,2020_09_07_14_49_00_PST,https://storage.googleapis.com/noaa-passive-bioacoustic/dclde/2027/dclde_2027_killer_whales/orcasound/audio/orcasound_lab/rpi-orcasound-lab_2020_09_07_14_49_00.wav,DCLDE Orcasound full recording; source=rpi-orcasound-lab_2020_09_07_14_49_00.wav; original_classes=AB,dclde_orcasound_full_recording,100
abiotic,rpi_orcasound_lab,2020_09_07_14_50_00_PST,https://storage.googleapis.com/noaa-passive-bioacoustic/dclde/2027/dclde_2027_killer_whales/orcasound/audio/orcasound_lab/rpi-orcasound-lab_2020_09_07_14_50_00.wav,DCLDE Orcasound full recording; source=rpi-orcasound-lab_2020_09_07_14_50_00.wav; original_classes=AB,dclde_orcasound_full_recording,100
abiotic,rpi_orcasound_lab,2020_09_07_14_51_00_PST,https://storage.googleapis.com/noaa-passive-bioacoustic/dclde/2027/dclde_2027_killer_whales/orcasound/audio/orcasound_lab/rpi-orcasound-lab_2020_09_07_14_51_00.wav,DCLDE Orcasound full recording; source=rpi-orcasound-lab_2020_09_07_14_51_00.wav; original_classes=AB,dclde_orcasound_full_recording,100
abiotic,rpi_orcasound_lab,2020_09_07_14_52_00_PST,https://storage.googleapis.com/noaa-passive-bioacoustic/dclde/2027/dclde_2027_killer_whales/orcasound/audio/orcasound_lab/rpi-orcasound-lab_2020_09_07_14_52_00.wav,DCLDE Orcasound full recording; source=rpi-orcasound-lab_2020_09_07_14_52_00.wav; original_classes=AB,dclde_orcasound_full_recording,100
abiotic,rpi_orcasound_lab,2020_09_07_14_53_00_PST,https://storage.googleapis.com/noaa-passive-bioacoustic/dclde/2027/dclde_2027_killer_whales/orcasound/audio/orcasound_lab/rpi-orcasound-lab_2020_09_07_14_53_00.wav,DCLDE Orcasound full recording; source=rpi-orcasound-lab_2020_09_07_14_53_00.wav; original_classes=AB,dclde_orcasound_full_recording,100
abiotic,rpi_orcasound_lab,2020_09_07_14_54_00_PST,https://storage.googleapis.com/noaa-passive-bioacoustic/dclde/2027/dclde_2027_killer_whales/orcasound/audio/orcasound_lab/rpi-orcasound-lab_2020_09_07_14_54_00.wav,DCLDE Orcasound full recording; source=rpi-orcasound-lab_2020_09_07_14_54_00.wav; original_classes=AB,dclde_orcasound_full_recording,100
abiotic,rpi_orcasound_lab,2020_09_07_14_55_00_PST,https://storage.googleapis.com/noaa-passive-bioacoustic/dclde/2027/dclde_2027_killer_whales/orcasound/audio/orcasound_lab/rpi-orcasound-lab_2020_09_07_14_55_00.wav,DCLDE Orcasound full recording; source=rpi-orcasound-lab_2020_09_07_14_55_00.wav; original_classes=AB,dclde_orcasound_full_recording,100
abiotic,rpi_orcasound_lab,2020_09_07_14_56_00_PST,https://storage.googleapis.com/noaa-passive-bioacoustic/dclde/2027/dclde_2027_killer_whales/orcasound/audio/orcasound_lab/rpi-orcasound-lab_2020_09_07_14_56_00.wav,DCLDE Orcasound full recording; source=rpi-orcasound-lab_2020_09_07_14_56_00.wav; original_classes=AB,dclde_orcasound_full_recording,100
abiotic,rpi_orcasound_lab,2020_09_07_14_57_00_PST,https://storage.googleapis.com/noaa-passive-bioacoustic/dclde/2027/dclde_2027_killer_whales/orcasound/audio/orcasound_lab/rpi-orcasound-lab_2020_09_07_14_57_00.wav,DCLDE Orcasound full recording; source=rpi-orcasound-lab_2020_09_07_14_57_00.wav; original_classes=AB,dclde_orcasound_full_recording,100
abiotic,rpi_orcasound_lab,2020_09_07_14_58_00_PST,https://storage.googleapis.com/noaa-passive-bioacoustic/dclde/2027/dclde_2027_killer_whales/orcasound/audio/orcasound_lab/rpi-orcasound-lab_2020_09_07_14_58_00.wav,DCLDE Orcasound full recording; source=rpi-orcasound-lab_2020_09_07_14_58_00.wav; original_classes=AB,dclde_orcasound_full_recording,100
abiotic,rpi_orcasound_lab,2020_09_07_14_59_00_PST,https://storage.googleapis.com/noaa-passive-bioacoustic/dclde/2027/dclde_2027_killer_whales/orcasound/audio/orcasound_lab/rpi-orcasound-lab_2020_09_07_14_59_00.wav,DCLDE Orcasound full recording; source=rpi-orcasound-lab_2020_09_07_14_59_00.wav; original_classes=AB,dclde_orcasound_full_recording,100
abiotic,rpi_port_townsend,2020_09_08_13_04_00_PST,https://storage.googleapis.com/noaa-passive-bioacoustic/dclde/2027/dclde_2027_killer_whales/orcasound/audio/port_townsend/rpi-port-townsend_2020_09_08_13_04_00.wav,DCLDE Orcasound full recording; source=rpi-port-townsend_2020_09_08_13_04_00.wav; original_classes=AB,dclde_orcasound_full_recording,100
abiotic,rpi_port_townsend,2020_09_08_13_43_00_PST,https://storage.googleapis.com/noaa-passive-bioacoustic/dclde/2027/dclde_2027_killer_whales/orcasound/audio/port_townsend/rpi-port-townsend_2020_09_08_13_43_00.wav,DCLDE Orcasound full recording; source=rpi-port-townsend_2020_09_08_13_43_00.wav; original_classes=AB,dclde_orcasound_full_recording,100
abiotic,rpi_port_townsend,2020_09_08_13_44_00_PST,https://storage.googleapis.com/noaa-passive-bioacoustic/dclde/2027/dclde_2027_killer_whales/orcasound/audio/port_townsend/rpi-port-townsend_2020_09_08_13_44_00.wav,DCLDE Orcasound full recording; source=rpi-port-townsend_2020_09_08_13_44_00.wav; original_classes=AB,dclde_orcasound_full_recording,100
abiotic,rpi_port_townsend,2020_09_08_13_45_00_PST,https://storage.googleapis.com/noaa-passive-bioacoustic/dclde/2027/dclde_2027_killer_whales/orcasound/audio/port_townsend/rpi-port-townsend_2020_09_08_13_45_00.wav,DCLDE Orcasound full recording; source=rpi-port-townsend_2020_09_08_13_45_00.wav; original_classes=AB,dclde_orcasound_full_recording,100
abiotic,rpi_port_townsend,2020_09_08_14_24_00_PST,https://storage.googleapis.com/noaa-passive-bioacoustic/dclde/2027/dclde_2027_killer_whales/orcasound/audio/port_townsend/rpi-port-townsend_2020_09_08_14_24_00.wav,DCLDE Orcasound full recording; source=rpi-port-townsend_2020_09_08_14_24_00.wav; original_classes=AB,dclde_orcasound_full_recording,100
abiotic,rpi_port_townsend,2020_09_08_14_25_00_PST,https://storage.googleapis.com/noaa-passive-bioacoustic/dclde/2027/dclde_2027_killer_whales/orcasound/audio/port_townsend/rpi-port-townsend_2020_09_08_14_25_00.wav,DCLDE Orcasound full recording; source=rpi-port-townsend_2020_09_08_14_25_00.wav; original_classes=AB,dclde_orcasound_full_recording,100
abiotic,rpi_port_townsend,2020_09_08_14_26_00_PST,https://storage.googleapis.com/noaa-passive-bioacoustic/dclde/2027/dclde_2027_killer_whales/orcasound/audio/port_townsend/rpi-port-townsend_2020_09_08_14_26_00.wav,DCLDE Orcasound full recording; source=rpi-port-townsend_2020_09_08_14_26_00.wav; original_classes=AB,dclde_orcasound_full_recording,100
abiotic,rpi_port_townsend,2020_09_08_14_27_00_PST,https://storage.googleapis.com/noaa-passive-bioacoustic/dclde/2027/dclde_2027_killer_whales/orcasound/audio/port_townsend/rpi-port-townsend_2020_09_08_14_27_00.wav,DCLDE Orcasound full recording; source=rpi-port-townsend_2020_09_08_14_27_00.wav; original_classes=AB,dclde_orcasound_full_recording,100
abiotic,rpi_port_townsend,2020_09_08_14_28_00_PST,https://storage.googleapis.com/noaa-passive-bioacoustic/dclde/2027/dclde_2027_killer_whales/orcasound/audio/port_townsend/rpi-port-townsend_2020_09_08_14_28_00.wav,DCLDE Orcasound full recording; source=rpi-port-townsend_2020_09_08_14_28_00.wav; original_classes=AB,dclde_orcasound_full_recording,100
abiotic,rpi_port_townsend,2020_09_08_14_29_00_PST,https://storage.googleapis.com/noaa-passive-bioacoustic/dclde/2027/dclde_2027_killer_whales/orcasound/audio/port_townsend/rpi-port-townsend_2020_09_08_14_29_00.wav,DCLDE Orcasound full recording; source=rpi-port-townsend_2020_09_08_14_29_00.wav; original_classes=AB,dclde_orcasound_full_recording,100
abiotic,rpi_port_townsend,2020_09_08_14_30_00_PST,https://storage.googleapis.com/noaa-passive-bioacoustic/dclde/2027/dclde_2027_killer_whales/orcasound/audio/port_townsend/rpi-port-townsend_2020_09_08_14_30_00.wav,DCLDE Orcasound full recording; source=rpi-port-townsend_2020_09_08_14_30_00.wav; original_classes=AB,dclde_orcasound_full_recording,100
abiotic,rpi_port_townsend,2020_09_08_14_31_00_PST,https://storage.googleapis.com/noaa-passive-bioacoustic/dclde/2027/dclde_2027_killer_whales/orcasound/audio/port_townsend/rpi-port-townsend_2020_09_08_14_31_00.wav,DCLDE Orcasound full recording; source=rpi-port-townsend_2020_09_08_14_31_00.wav; original_classes=AB,dclde_orcasound_full_recording,100
abiotic,rpi_port_townsend,2020_09_08_14_32_00_PST,https://storage.googleapis.com/noaa-passive-bioacoustic/dclde/2027/dclde_2027_killer_whales/orcasound/audio/port_townsend/rpi-port-townsend_2020_09_08_14_32_00.wav,DCLDE Orcasound full recording; source=rpi-port-townsend_2020_09_08_14_32_00.wav; original_classes=AB,dclde_orcasound_full_recording,100
abiotic,rpi_port_townsend,2020_09_08_14_39_00_PST,https://storage.googleapis.com/noaa-passive-bioacoustic/dclde/2027/dclde_2027_killer_whales/orcasound/audio/port_townsend/rpi-port-townsend_2020_09_08_14_39_00.wav,DCLDE Orcasound full recording; source=rpi-port-townsend_2020_09_08_14_39_00.wav; original_classes=AB,dclde_orcasound_full_recording,100
abiotic,rpi_port_townsend,2020_09_08_14_40_00_PST,https://storage.googleapis.com/noaa-passive-bioacoustic/dclde/2027/dclde_2027_killer_whales/orcasound/audio/port_townsend/rpi-port-townsend_2020_09_08_14_40_00.wav,DCLDE Orcasound full recording; source=rpi-port-townsend_2020_09_08_14_40_00.wav; original_classes=AB,dclde_orcasound_full_recording,100
abiotic,rpi_port_townsend,2020_09_08_14_41_00_PST,https://storage.googleapis.com/noaa-passive-bioacoustic/dclde/2027/dclde_2027_killer_whales/orcasound/audio/port_townsend/rpi-port-townsend_2020_09_08_14_41_00.wav,DCLDE Orcasound full recording; source=rpi-port-townsend_2020_09_08_14_41_00.wav; original_classes=AB,dclde_orcasound_full_recording,100
abiotic,rpi_port_townsend,2020_09_08_14_43_00_PST,https://storage.googleapis.com/noaa-passive-bioacoustic/dclde/2027/dclde_2027_killer_whales/orcasound/audio/port_townsend/rpi-port-townsend_2020_09_08_14_43_00.wav,DCLDE Orcasound full recording; source=rpi-port-townsend_2020_09_08_14_43_00.wav; original_classes=AB,dclde_orcasound_full_recording,100
abiotic,rpi_port_townsend,2020_09_08_14_44_00_PST,https://storage.googleapis.com/noaa-passive-bioacoustic/dclde/2027/dclde_2027_killer_whales/orcasound/audio/port_townsend/rpi-port-townsend_2020_09_08_14_44_00.wav,DCLDE Orcasound full recording; source=rpi-port-townsend_2020_09_08_14_44_00.wav; original_classes=AB,dclde_orcasound_full_recording,100
abiotic,rpi_port_townsend,2020_09_08_14_45_00_PST,https://storage.googleapis.com/noaa-passive-bioacoustic/dclde/2027/dclde_2027_killer_whales/orcasound/audio/port_townsend/rpi-port-townsend_2020_09_08_14_45_00.wav,DCLDE Orcasound full recording; source=rpi-port-townsend_2020_09_08_14_45_00.wav; original_classes=AB,dclde_orcasound_full_recording,100
abiotic,rpi_port_townsend,2020_09_08_14_46_00_PST,https://storage.googleapis.com/noaa-passive-bioacoustic/dclde/2027/dclde_2027_killer_whales/orcasound/audio/port_townsend/rpi-port-townsend_2020_09_08_14_46_00.wav,DCLDE Orcasound full recording; source=rpi-port-townsend_2020_09_08_14_46_00.wav; original_classes=AB,dclde_orcasound_full_recording,100
abiotic,rpi_port_townsend,2020_09_08_14_47_00_PST,https://storage.googleapis.com/noaa-passive-bioacoustic/dclde/2027/dclde_2027_killer_whales/orcasound/audio/port_townsend/rpi-port-townsend_2020_09_08_14_47_00.wav,DCLDE Orcasound full recording; source=rpi-port-townsend_2020_09_08_14_47_00.wav; original_classes=AB,dclde_orcasound_full_recording,100
abiotic,rpi_port_townsend,2020_09_08_14_48_00_PST,https://storage.googleapis.com/noaa-passive-bioacoustic/dclde/2027/dclde_2027_killer_whales/orcasound/audio/port_townsend/rpi-port-townsend_2020_09_08_14_48_00.wav,DCLDE Orcasound full recording; source=rpi-port-townsend_2020_09_08_14_48_00.wav; original_classes=AB,dclde_orcasound_full_recording,100
abiotic,rpi_port_townsend,2020_09_08_14_49_00_PST,https://storage.googleapis.com/noaa-passive-bioacoustic/dclde/2027/dclde_2027_killer_whales/orcasound/audio/port_townsend/rpi-port-townsend_2020_09_08_14_49_00.wav,DCLDE Orcasound full recording; source=rpi-port-townsend_2020_09_08_14_49_00.wav; original_classes=AB,dclde_orcasound_full_recording,100
abiotic,rpi_port_townsend,2020_09_08_14_50_00_PST,https://storage.googleapis.com/noaa-passive-bioacoustic/dclde/2027/dclde_2027_killer_whales/orcasound/audio/port_townsend/rpi-port-townsend_2020_09_08_14_50_00.wav,DCLDE Orcasound full recording; source=rpi-port-townsend_2020_09_08_14_50_00.wav; original_classes=AB,dclde_orcasound_full_recording,100
abiotic,rpi_port_townsend,2020_09_08_14_51_00_PST,https://storage.googleapis.com/noaa-passive-bioacoustic/dclde/2027/dclde_2027_killer_whales/orcasound/audio/port_townsend/rpi-port-townsend_2020_09_08_14_51_00.wav,DCLDE Orcasound full recording; source=rpi-port-townsend_2020_09_08_14_51_00.wav; original_classes=AB,dclde_orcasound_full_recording,100
abiotic,rpi_port_townsend,2020_09_08_14_52_00_PST,https://storage.googleapis.com/noaa-passive-bioacoustic/dclde/2027/dclde_2027_killer_whales/orcasound/audio/port_townsend/rpi-port-townsend_2020_09_08_14_52_00.wav,DCLDE Orcasound full recording; source=rpi-port-townsend_2020_09_08_14_52_00.wav; original_classes=AB,dclde_orcasound_full_recording,100
abiotic,rpi_port_townsend,2020_09_08_14_54_00_PST,https://storage.googleapis.com/noaa-passive-bioacoustic/dclde/2027/dclde_2027_killer_whales/orcasound/audio/port_townsend/rpi-port-townsend_2020_09_08_14_54_00.wav,DCLDE Orcasound full recording; source=rpi-port-townsend_2020_09_08_14_54_00.wav; original_classes=AB,dclde_orcasound_full_recording,100
abiotic,rpi_port_townsend,2020_09_08_14_55_00_PST,https://storage.googleapis.com/noaa-passive-bioacoustic/dclde/2027/dclde_2027_killer_whales/orcasound/audio/port_townsend/rpi-port-townsend_2020_09_08_14_55_00.wav,DCLDE Orcasound full recording; source=rpi-port-townsend_2020_09_08_14_55_00.wav; original_classes=AB,dclde_orcasound_full_recording,100
abiotic,rpi_port_townsend,2020_09_08_14_56_00_PST,https://storage.googleapis.com/noaa-passive-bioacoustic/dclde/2027/dclde_2027_killer_whales/orcasound/audio/port_townsend/rpi-port-townsend_2020_09_08_14_56_00.wav,DCLDE Orcasound full recording; source=rpi-port-townsend_2020_09_08_14_56_00.wav; original_classes=AB,dclde_orcasound_full_recording,100
abiotic,rpi_port_townsend,2020_09_08_15_00_00_PST,https://storage.googleapis.com/noaa-passive-bioacoustic/dclde/2027/dclde_2027_killer_whales/orcasound/audio/port_townsend/rpi-port-townsend_2020_09_08_15_00_00.wav,DCLDE Orcasound full recording; source=rpi-port-townsend_2020_09_08_15_00_00.wav; original_classes=AB,dclde_orcasound_full_recording,100
abiotic,rpi_port_townsend,2020_09_08_15_03_00_PST,https://storage.googleapis.com/noaa-passive-bioacoustic/dclde/2027/dclde_2027_killer_whales/orcasound/audio/port_townsend/rpi-port-townsend_2020_09_08_15_03_00.wav,DCLDE Orcasound full recording; source=rpi-port-townsend_2020_09_08_15_03_00.wav; original_classes=AB,dclde_orcasound_full_recording,100
abiotic,rpi_port_townsend,2020_09_08_15_19_00_PST,https://storage.googleapis.com/noaa-passive-bioacoustic/dclde/2027/dclde_2027_killer_whales/orcasound/audio/port_townsend/rpi-port-townsend_2020_09_08_15_19_00.wav,DCLDE Orcasound full recording; source=rpi-port-townsend_2020_09_08_15_19_00.wav; original_classes=AB,dclde_orcasound_full_recording,100
abiotic,rpi_port_townsend,2020_09_08_15_21_00_PST,https://storage.googleapis.com/noaa-passive-bioacoustic/dclde/2027/dclde_2027_killer_whales/orcasound/audio/port_townsend/rpi-port-townsend_2020_09_08_15_21_00.wav,DCLDE Orcasound full recording; source=rpi-port-townsend_2020_09_08_15_21_00.wav; original_classes=AB,dclde_orcasound_full_recording,100
abiotic,rpi_port_townsend,2020_09_08_15_26_00_PST,https://storage.googleapis.com/noaa-passive-bioacoustic/dclde/2027/dclde_2027_killer_whales/orcasound/audio/port_townsend/rpi-port-townsend_2020_09_08_15_26_00.wav,DCLDE Orcasound full recording; source=rpi-port-townsend_2020_09_08_15_26_00.wav; original_classes=AB,dclde_orcasound_full_recording,100
abiotic,rpi_port_townsend,2020_09_08_15_27_00_PST,https://storage.googleapis.com/noaa-passive-bioacoustic/dclde/2027/dclde_2027_killer_whales/orcasound/audio/port_townsend/rpi-port-townsend_2020_09_08_15_27_00.wav,DCLDE Orcasound full recording; source=rpi-port-townsend_2020_09_08_15_27_00.wav; original_classes=AB,dclde_orcasound_full_recording,100
abiotic,rpi_port_townsend,2020_09_08_15_28_00_PST,https://storage.googleapis.com/noaa-passive-bioacoustic/dclde/2027/dclde_2027_killer_whales/orcasound/audio/port_townsend/rpi-port-townsend_2020_09_08_15_28_00.wav,DCLDE Orcasound full recording; source=rpi-port-townsend_2020_09_08_15_28_00.wav; original_classes=AB,dclde_orcasound_full_recording,100
abiotic,rpi_port_townsend,2020_09_08_15_29_00_PST,https://storage.googleapis.com/noaa-passive-bioacoustic/dclde/2027/dclde_2027_killer_whales/orcasound/audio/port_townsend/rpi-port-townsend_2020_09_08_15_29_00.wav,DCLDE Orcasound full recording; source=rpi-port-townsend_2020_09_08_15_29_00.wav; original_classes=AB,dclde_orcasound_full_recording,100
abiotic,rpi_port_townsend,2020_09_08_15_30_00_PST,https://storage.googleapis.com/noaa-passive-bioacoustic/dclde/2027/dclde_2027_killer_whales/orcasound/audio/port_townsend/rpi-port-townsend_2020_09_08_15_30_00.wav,DCLDE Orcasound full recording; source=rpi-port-townsend_2020_09_08_15_30_00.wav; original_classes=AB,dclde_orcasound_full_recording,100
abiotic,rpi_port_townsend,2020_09_29_18_31_00_PST,https://storage.googleapis.com/noaa-passive-bioacoustic/dclde/2027/dclde_2027_killer_whales/orcasound/audio/port_townsend/rpi-port-townsend_2020_09_29_18_31_00.wav,DCLDE Orcasound full recording; source=rpi-port-townsend_2020_09_29_18_31_00.wav; original_classes=AB,dclde_orcasound_full_recording,100
abiotic,rpi_port_townsend,2020_09_29_18_34_00_PST,https://storage.googleapis.com/noaa-passive-bioacoustic/dclde/2027/dclde_2027_killer_whales/orcasound/audio/port_townsend/rpi-port-townsend_2020_09_29_18_34_00.wav,DCLDE Orcasound full recording; source=rpi-port-townsend_2020_09_29_18_34_00.wav; original_classes=AB,dclde_orcasound_full_recording,100
abiotic,rpi_port_townsend,2020_09_29_18_35_00_PST,https://storage.googleapis.com/noaa-passive-bioacoustic/dclde/2027/dclde_2027_killer_whales/orcasound/audio/port_townsend/rpi-port-townsend_2020_09_29_18_35_00.wav,DCLDE Orcasound full recording; source=rpi-port-townsend_2020_09_29_18_35_00.wav; original_classes=AB,dclde_orcasound_full_recording,100
abiotic,rpi_port_townsend,2020_09_29_18_36_00_PST,https://storage.googleapis.com/noaa-passive-bioacoustic/dclde/2027/dclde_2027_killer_whales/orcasound/audio/port_townsend/rpi-port-townsend_2020_09_29_18_36_00.wav,DCLDE Orcasound full recording; source=rpi-port-townsend_2020_09_29_18_36_00.wav; original_classes=AB,dclde_orcasound_full_recording,100
abiotic,rpi_port_townsend,2020_09_29_18_41_00_PST,https://storage.googleapis.com/noaa-passive-bioacoustic/dclde/2027/dclde_2027_killer_whales/orcasound/audio/port_townsend/rpi-port-townsend_2020_09_29_18_41_00.wav,DCLDE Orcasound full recording; source=rpi-port-townsend_2020_09_29_18_41_00.wav; original_classes=AB,dclde_orcasound_full_recording,100
abiotic,rpi_port_townsend,2020_09_29_18_42_00_PST,https://storage.googleapis.com/noaa-passive-bioacoustic/dclde/2027/dclde_2027_killer_whales/orcasound/audio/port_townsend/rpi-port-townsend_2020_09_29_18_42_00.wav,DCLDE Orcasound full recording; source=rpi-port-townsend_2020_09_29_18_42_00.wav; original_classes=AB,dclde_orcasound_full_recording,100
abiotic,rpi_port_townsend,2020_09_29_18_43_00_PST,https://storage.googleapis.com/noaa-passive-bioacoustic/dclde/2027/dclde_2027_killer_whales/orcasound/audio/port_townsend/rpi-port-townsend_2020_09_29_18_43_00.wav,DCLDE Orcasound full recording; source=rpi-port-townsend_2020_09_29_18_43_00.wav; original_classes=AB,dclde_orcasound_full_recording,100
abiotic,rpi_port_townsend,2020_09_29_18_44_00_PST,https://storage.googleapis.com/noaa-passive-bioacoustic/dclde/2027/dclde_2027_killer_whales/orcasound/audio/port_townsend/rpi-port-townsend_2020_09_29_18_44_00.wav,DCLDE Orcasound full recording; source=rpi-port-townsend_2020_09_29_18_44_00.wav; original_classes=AB,dclde_orcasound_full_recording,100
abiotic,rpi_port_townsend,2020_09_29_18_46_00_PST,https://storage.googleapis.com/noaa-passive-bioacoustic/dclde/2027/dclde_2027_killer_whales/orcasound/audio/port_townsend/rpi-port-townsend_2020_09_29_18_46_00.wav,DCLDE Orcasound full recording; source=rpi-port-townsend_2020_09_29_18_46_00.wav; original_classes=AB,dclde_orcasound_full_recording,100
abiotic,rpi_port_townsend,2020_09_29_18_47_00_PST,https://storage.googleapis.com/noaa-passive-bioacoustic/dclde/2027/dclde_2027_killer_whales/orcasound/audio/port_townsend/rpi-port-townsend_2020_09_29_18_47_00.wav,DCLDE Orcasound full recording; source=rpi-port-townsend_2020_09_29_18_47_00.wav; original_classes=AB,dclde_orcasound_full_recording,100
abiotic,rpi_port_townsend,2020_09_29_18_49_00_PST,https://storage.googleapis.com/noaa-passive-bioacoustic/dclde/2027/dclde_2027_killer_whales/orcasound/audio/port_townsend/rpi-port-townsend_2020_09_29_18_49_00.wav,DCLDE Orcasound full recording; source=rpi-port-townsend_2020_09_29_18_49_00.wav; original_classes=AB,dclde_orcasound_full_recording,100
abiotic,rpi_port_townsend,2020_09_29_18_50_00_PST,https://storage.googleapis.com/noaa-passive-bioacoustic/dclde/2027/dclde_2027_killer_whales/orcasound/audio/port_townsend/rpi-port-townsend_2020_09_29_18_50_00.wav,DCLDE Orcasound full recording; source=rpi-port-townsend_2020_09_29_18_50_00.wav; original_classes=AB,dclde_orcasound_full_recording,100
abiotic,rpi_port_townsend,2020_09_29_18_51_00_PST,https://storage.googleapis.com/noaa-passive-bioacoustic/dclde/2027/dclde_2027_killer_whales/orcasound/audio/port_townsend/rpi-port-townsend_2020_09_29_18_51_00.wav,DCLDE Orcasound full recording; source=rpi-port-townsend_2020_09_29_18_51_00.wav; original_classes=AB,dclde_orcasound_full_recording,100
abiotic,rpi_port_townsend,2020_09_29_18_52_00_PST,https://storage.googleapis.com/noaa-passive-bioacoustic/dclde/2027/dclde_2027_killer_whales/orcasound/audio/port_townsend/rpi-port-townsend_2020_09_29_18_52_00.wav,DCLDE Orcasound full recording; source=rpi-port-townsend_2020_09_29_18_52_00.wav; original_classes=AB,dclde_orcasound_full_recording,100
abiotic,rpi_port_townsend,2020_09_29_18_53_00_PST,https://storage.googleapis.com/noaa-passive-bioacoustic/dclde/2027/dclde_2027_killer_whales/orcasound/audio/port_townsend/rpi-port-townsend_2020_09_29_18_53_00.wav,DCLDE Orcasound full recording; source=rpi-port-townsend_2020_09_29_18_53_00.wav; original_classes=AB,dclde_orcasound_full_recording,100
abiotic,rpi_port_townsend,2020_09_29_18_55_00_PST,https://storage.googleapis.com/noaa-passive-bioacoustic/dclde/2027/dclde_2027_killer_whales/orcasound/audio/port_townsend/rpi-port-townsend_2020_09_29_18_55_00.wav,DCLDE Orcasound full recording; source=rpi-port-townsend_2020_09_29_18_55_00.wav; original_classes=AB,dclde_orcasound_full_recording,100
abiotic,rpi_port_townsend,2020_09_29_18_56_00_PST,https://storage.googleapis.com/noaa-passive-bioacoustic/dclde/2027/dclde_2027_killer_whales/orcasound/audio/port_townsend/rpi-port-townsend_2020_09_29_18_56_00.wav,DCLDE Orcasound full recording; source=rpi-port-townsend_2020_09_29_18_56_00.wav; original_classes=AB,dclde_orcasound_full_recording,100
abiotic,rpi_port_townsend,2020_09_29_18_57_00_PST,https://storage.googleapis.com/noaa-passive-bioacoustic/dclde/2027/dclde_2027_killer_whales/orcasound/audio/port_townsend/rpi-port-townsend_2020_09_29_18_57_00.wav,DCLDE Orcasound full recording; source=rpi-port-townsend_2020_09_29_18_57_00.wav; original_classes=AB,dclde_orcasound_full_recording,100
abiotic,rpi_port_townsend,2020_09_29_18_58_00_PST,https://storage.googleapis.com/noaa-passive-bioacoustic/dclde/2027/dclde_2027_killer_whales/orcasound/audio/port_townsend/rpi-port-townsend_2020_09_29_18_58_00.wav,DCLDE Orcasound full recording; source=rpi-port-townsend_2020_09_29_18_58_00.wav; original_classes=AB,dclde_orcasound_full_recording,100
abiotic,rpi_port_townsend,2020_09_29_18_59_00_PST,https://storage.googleapis.com/noaa-passive-bioacoustic/dclde/2027/dclde_2027_killer_whales/orcasound/audio/port_townsend/rpi-port-townsend_2020_09_29_18_59_00.wav,DCLDE Orcasound full recording; source=rpi-port-townsend_2020_09_29_18_59_00.wav; original_classes=AB,dclde_orcasound_full_recording,100
abiotic,rpi_port_townsend,2020_09_29_19_00_00_PST,https://storage.googleapis.com/noaa-passive-bioacoustic/dclde/2027/dclde_2027_killer_whales/orcasound/audio/port_townsend/rpi-port-townsend_2020_09_29_19_00_00.wav,DCLDE Orcasound full recording; source=rpi-port-townsend_2020_09_29_19_00_00.wav; original_classes=AB,dclde_orcasound_full_recording,100
abiotic,rpi_port_townsend,2020_09_29_19_01_00_PST,https://storage.googleapis.com/noaa-passive-bioacoustic/dclde/2027/dclde_2027_killer_whales/orcasound/audio/port_townsend/rpi-port-townsend_2020_09_29_19_01_00.wav,DCLDE Orcasound full recording; source=rpi-port-townsend_2020_09_29_19_01_00.wav; original_classes=AB,dclde_orcasound_full_recording,100
abiotic,rpi_port_townsend,2020_09_29_19_02_00_PST,https://storage.googleapis.com/noaa-passive-bioacoustic/dclde/2027/dclde_2027_killer_whales/orcasound/audio/port_townsend/rpi-port-townsend_2020_09_29_19_02_00.wav,DCLDE Orcasound full recording; source=rpi-port-townsend_2020_09_29_19_02_00.wav; original_classes=AB,dclde_orcasound_full_recording,100
abiotic,rpi_port_townsend,2020_09_29_19_03_00_PST,https://storage.googleapis.com/noaa-passive-bioacoustic/dclde/2027/dclde_2027_killer_whales/orcasound/audio/port_townsend/rpi-port-townsend_2020_09_29_19_03_00.wav,DCLDE Orcasound full recording; source=rpi-port-townsend_2020_09_29_19_03_00.wav; original_classes=AB,dclde_orcasound_full_recording,100
abiotic,rpi_port_townsend,2020_09_29_19_04_00_PST,https://storage.googleapis.com/noaa-passive-bioacoustic/dclde/2027/dclde_2027_killer_whales/orcasound/audio/port_townsend/rpi-port-townsend_2020_09_29_19_04_00.wav,DCLDE Orcasound full recording; source=rpi-port-townsend_2020_09_29_19_04_00.wav; original_classes=AB,dclde_orcasound_full_recording,100
abiotic,rpi_port_townsend,2020_09_29_19_34_00_PST,https://storage.googleapis.com/noaa-passive-bioacoustic/dclde/2027/dclde_2027_killer_whales/orcasound/audio/port_townsend/rpi-port-townsend_2020_09_29_19_34_00.wav,DCLDE Orcasound full recording; source=rpi-port-townsend_2020_09_29_19_34_00.wav; original_classes=AB,dclde_orcasound_full_recording,100
abiotic,rpi_port_townsend,2020_09_29_19_38_00_PST,https://storage.googleapis.com/noaa-passive-bioacoustic/dclde/2027/dclde_2027_killer_whales/orcasound/audio/port_townsend/rpi-port-townsend_2020_09_29_19_38_00.wav,DCLDE Orcasound full recording; source=rpi-port-townsend_2020_09_29_19_38_00.wav; original_classes=AB,dclde_orcasound_full_recording,100
abiotic,rpi_port_townsend,2020_09_29_19_41_00_PST,https://storage.googleapis.com/noaa-passive-bioacoustic/dclde/2027/dclde_2027_killer_whales/orcasound/audio/port_townsend/rpi-port-townsend_2020_09_29_19_41_00.wav,DCLDE Orcasound full recording; source=rpi-port-townsend_2020_09_29_19_41_00.wav; original_classes=AB,dclde_orcasound_full_recording,100
abiotic,rpi_port_townsend,2020_09_29_19_42_00_PST,https://storage.googleapis.com/noaa-passive-bioacoustic/dclde/2027/dclde_2027_killer_whales/orcasound/audio/port_townsend/rpi-port-townsend_2020_09_29_19_42_00.wav,DCLDE Orcasound full recording; source=rpi-port-townsend_2020_09_29_19_42_00.wav; original_classes=AB,dclde_orcasound_full_recording,100
abiotic,rpi_port_townsend,2020_09_29_19_43_00_PST,https://storage.googleapis.com/noaa-passive-bioacoustic/dclde/2027/dclde_2027_killer_whales/orcasound/audio/port_townsend/rpi-port-townsend_2020_09_29_19_43_00.wav,DCLDE Orcasound full recording; source=rpi-port-townsend_2020_09_29_19_43_00.wav; original_classes=AB,dclde_orcasound_full_recording,100
abiotic,rpi_port_townsend,2020_09_29_19_44_00_PST,https://storage.googleapis.com/noaa-passive-bioacoustic/dclde/2027/dclde_2027_killer_whales/orcasound/audio/port_townsend/rpi-port-townsend_2020_09_29_19_44_00.wav,DCLDE Orcasound full recording; source=rpi-port-townsend_2020_09_29_19_44_00.wav; original_classes=AB,dclde_orcasound_full_recording,100
abiotic,rpi_port_townsend,2020_10_08_00_15_00_PST,https://storage.googleapis.com/noaa-passive-bioacoustic/dclde/2027/dclde_2027_killer_whales/orcasound/audio/port_townsend/rpi-port-townsend_2020_10_08_00_15_00.wav,DCLDE Orcasound full recording; source=rpi-port-townsend_2020_10_08_00_15_00.wav; original_classes=AB,dclde_orcasound_full_recording,100
abiotic,rpi_port_townsend,2020_10_08_00_18_00_PST,https://storage.googleapis.com/noaa-passive-bioacoustic/dclde/2027/dclde_2027_killer_whales/orcasound/audio/port_townsend/rpi-port-townsend_2020_10_08_00_18_00.wav,DCLDE Orcasound full recording; source=rpi-port-townsend_2020_10_08_00_18_00.wav; original_classes=AB,dclde_orcasound_full_recording,100
abiotic,rpi_port_townsend,2020_10_08_00_26_00_PST,https://storage.googleapis.com/noaa-passive-bioacoustic/dclde/2027/dclde_2027_killer_whales/orcasound/audio/port_townsend/rpi-port-townsend_2020_10_08_00_26_00.wav,DCLDE Orcasound full recording; source=rpi-port-townsend_2020_10_08_00_26_00.wav; original_classes=AB,dclde_orcasound_full_recording,100
abiotic,rpi_port_townsend,2020_10_08_00_35_00_PST,https://storage.googleapis.com/noaa-passive-bioacoustic/dclde/2027/dclde_2027_killer_whales/orcasound/audio/port_townsend/rpi-port-townsend_2020_10_08_00_35_00.wav,DCLDE Orcasound full recording; source=rpi-port-townsend_2020_10_08_00_35_00.wav; original_classes=AB,dclde_orcasound_full_recording,100
abiotic,rpi_port_townsend,2020_10_08_00_38_00_PST,https://storage.googleapis.com/noaa-passive-bioacoustic/dclde/2027/dclde_2027_killer_whales/orcasound/audio/port_townsend/rpi-port-townsend_2020_10_08_00_38_00.wav,DCLDE Orcasound full recording; source=rpi-port-townsend_2020_10_08_00_38_00.wav; original_classes=AB,dclde_orcasound_full_recording,100
abiotic,rpi_port_townsend,2020_10_08_01_01_00_PST,https://storage.googleapis.com/noaa-passive-bioacoustic/dclde/2027/dclde_2027_killer_whales/orcasound/audio/port_townsend/rpi-port-townsend_2020_10_08_01_01_00.wav,DCLDE Orcasound full recording; source=rpi-port-townsend_2020_10_08_01_01_00.wav; original_classes=AB,dclde_orcasound_full_recording,100
abiotic,rpi_port_townsend,2020_10_08_01_02_00_PST,https://storage.googleapis.com/noaa-passive-bioacoustic/dclde/2027/dclde_2027_killer_whales/orcasound/audio/port_townsend/rpi-port-townsend_2020_10_08_01_02_00.wav,DCLDE Orcasound full recording; source=rpi-port-townsend_2020_10_08_01_02_00.wav; original_classes=AB,dclde_orcasound_full_recording,100
abiotic,rpi_port_townsend,2020_10_08_01_03_00_PST,https://storage.googleapis.com/noaa-passive-bioacoustic/dclde/2027/dclde_2027_killer_whales/orcasound/audio/port_townsend/rpi-port-townsend_2020_10_08_01_03_00.wav,DCLDE Orcasound full recording; source=rpi-port-townsend_2020_10_08_01_03_00.wav; original_classes=AB,dclde_orcasound_full_recording,100
abiotic,rpi_port_townsend,2020_10_08_01_04_00_PST,https://storage.googleapis.com/noaa-passive-bioacoustic/dclde/2027/dclde_2027_killer_whales/orcasound/audio/port_townsend/rpi-port-townsend_2020_10_08_01_04_00.wav,DCLDE Orcasound full recording; source=rpi-port-townsend_2020_10_08_01_04_00.wav; original_classes=AB,dclde_orcasound_full_recording,100
abiotic,rpi_port_townsend,2020_10_08_02_15_00_PST,https://storage.googleapis.com/noaa-passive-bioacoustic/dclde/2027/dclde_2027_killer_whales/orcasound/audio/port_townsend/rpi-port-townsend_2020_10_08_02_15_00.wav,DCLDE Orcasound full recording; source=rpi-port-townsend_2020_10_08_02_15_00.wav; original_classes=AB,dclde_orcasound_full_recording,100
abiotic,rpi_port_townsend,2020_10_08_02_19_00_PST,https://storage.googleapis.com/noaa-passive-bioacoustic/dclde/2027/dclde_2027_killer_whales/orcasound/audio/port_townsend/rpi-port-townsend_2020_10_08_02_19_00.wav,DCLDE Orcasound full recording; source=rpi-port-townsend_2020_10_08_02_19_00.wav; original_classes=AB,dclde_orcasound_full_recording,100
abiotic,rpi_port_townsend,2020_10_08_02_20_00_PST,https://storage.googleapis.com/noaa-passive-bioacoustic/dclde/2027/dclde_2027_killer_whales/orcasound/audio/port_townsend/rpi-port-townsend_2020_10_08_02_20_00.wav,DCLDE Orcasound full recording; source=rpi-port-townsend_2020_10_08_02_20_00.wav; original_classes=AB,dclde_orcasound_full_recording,100
abiotic,rpi_port_townsend,2020_10_08_02_25_00_PST,https://storage.googleapis.com/noaa-passive-bioacoustic/dclde/2027/dclde_2027_killer_whales/orcasound/audio/port_townsend/rpi-port-townsend_2020_10_08_02_25_00.wav,DCLDE Orcasound full recording; source=rpi-port-townsend_2020_10_08_02_25_00.wav; original_classes=AB,dclde_orcasound_full_recording,100
abiotic,rpi_port_townsend,2020_10_08_02_29_00_PST,https://storage.googleapis.com/noaa-passive-bioacoustic/dclde/2027/dclde_2027_killer_whales/orcasound/audio/port_townsend/rpi-port-townsend_2020_10_08_02_29_00.wav,DCLDE Orcasound full recording; source=rpi-port-townsend_2020_10_08_02_29_00.wav; original_classes=AB,dclde_orcasound_full_recording,100
abiotic,rpi_port_townsend,2020_10_08_02_35_00_PST,https://storage.googleapis.com/noaa-passive-bioacoustic/dclde/2027/dclde_2027_killer_whales/orcasound/audio/port_townsend/rpi-port-townsend_2020_10_08_02_35_00.wav,DCLDE Orcasound full recording; source=rpi-port-townsend_2020_10_08_02_35_00.wav; original_classes=AB,dclde_orcasound_full_recording,100
abiotic,rpi_port_townsend,2020_10_08_02_40_00_PST,https://storage.googleapis.com/noaa-passive-bioacoustic/dclde/2027/dclde_2027_killer_whales/orcasound/audio/port_townsend/rpi-port-townsend_2020_10_08_02_40_00.wav,DCLDE Orcasound full recording; source=rpi-port-townsend_2020_10_08_02_40_00.wav; original_classes=AB,dclde_orcasound_full_recording,100
resident,dclde_orcasound_lab_1562337136_0004,2019_07_05_07_32_16_PST,https://storage.googleapis.com/noaa-passive-bioacoustic/dclde/2027/dclde_2027_killer_whales/orcasound/audio/orcasound_lab/1562337136_0004.wav,DCLDE Orcasound full recording; source=1562337136_0004.wav; original_classes=KW; ecotype=SRKW,dclde_orcasound_full_recording,100
resident,dclde_orcasound_lab_1562337136_0005,2019_07_05_07_32_16_PST,https://storage.googleapis.com/noaa-passive-bioacoustic/dclde/2027/dclde_2027_killer_whales/orcasound/audio/orcasound_lab/1562337136_0005.wav,DCLDE Orcasound full recording; source=1562337136_0005.wav; original_classes=AB+KW; ecotype=SRKW,dclde_orcasound_full_recording,100
resident,dclde_orcasound_lab_1562337136_0006,2019_07_05_07_32_16_PST,https://storage.googleapis.com/noaa-passive-bioacoustic/dclde/2027/dclde_2027_killer_whales/orcasound/audio/orcasound_lab/1562337136_0006.wav,DCLDE Orcasound full recording; source=1562337136_0006.wav; original_classes=KW; ecotype=SRKW,dclde_orcasound_full_recording,100
resident,dclde_orcasound_lab_1562337136_000a,2019_07_05_07_32_16_PST,https://storage.googleapis.com/noaa-passive-bioacoustic/dclde/2027/dclde_2027_killer_whales/orcasound/audio/orcasound_lab/1562337136_000a.wav,DCLDE Orcasound full recording; source=1562337136_000a.wav; original_classes=KW; ecotype=SRKW,dclde_orcasound_full_recording,100
resident,dclde_orcasound_lab_1562337136_000b,2019_07_05_07_32_16_PST,https://storage.googleapis.com/noaa-passive-bioacoustic/dclde/2027/dclde_2027_killer_whales/orcasound/audio/orcasound_lab/1562337136_000b.wav,DCLDE Orcasound full recording; source=1562337136_000b.wav; original_classes=KW; ecotype=SRKW,dclde_orcasound_full_recording,100
resident,dclde_orcasound_lab_1562337136_000c,2019_07_05_07_32_16_PST,https://storage.googleapis.com/noaa-passive-bioacoustic/dclde/2027/dclde_2027_killer_whales/orcasound/audio/orcasound_lab/1562337136_000c.wav,DCLDE Orcasound full recording; source=1562337136_000c.wav; original_classes=KW; ecotype=SRKW,dclde_orcasound_full_recording,100
resident,dclde_orcasound_lab_1562337136_000d,2019_07_05_07_32_16_PST,https://storage.googleapis.com/noaa-passive-bioacoustic/dclde/2027/dclde_2027_killer_whales/orcasound/audio/orcasound_lab/1562337136_000d.wav,DCLDE Orcasound full recording; source=1562337136_000d.wav; original_classes=KW; ecotype=SRKW,dclde_orcasound_full_recording,100
resident,dclde_orcasound_lab_1562337136_000e,2019_07_05_07_32_16_PST,https://storage.googleapis.com/noaa-passive-bioacoustic/dclde/2027/dclde_2027_killer_whales/orcasound/audio/orcasound_lab/1562337136_000e.wav,DCLDE Orcasound full recording; source=1562337136_000e.wav; original_classes=KW; ecotype=SRKW,dclde_orcasound_full_recording,100
resident,dclde_orcasound_lab_1562337136_0010,2019_07_05_07_32_16_PST,https://storage.googleapis.com/noaa-passive-bioacoustic/dclde/2027/dclde_2027_killer_whales/orcasound/audio/orcasound_lab/1562337136_0010.wav,DCLDE Orcasound full recording; source=1562337136_0010.wav; original_classes=KW; ecotype=SRKW,dclde_orcasound_full_recording,100
resident,dclde_orcasound_lab_1562337136_0012,2019_07_05_07_32_16_PST,https://storage.googleapis.com/noaa-passive-bioacoustic/dclde/2027/dclde_2027_killer_whales/orcasound/audio/orcasound_lab/1562337136_0012.wav,DCLDE Orcasound full recording; source=1562337136_0012.wav; original_classes=KW; ecotype=SRKW,dclde_orcasound_full_recording,100
resident,dclde_orcasound_lab_1562337136_0013,2019_07_05_07_32_16_PST,https://storage.googleapis.com/noaa-passive-bioacoustic/dclde/2027/dclde_2027_killer_whales/orcasound/audio/orcasound_lab/1562337136_0013.wav,DCLDE Orcasound full recording; source=1562337136_0013.wav; original_classes=KW; ecotype=SRKW,dclde_orcasound_full_recording,100
resident,dclde_orcasound_lab_1562337136_0017,2019_07_05_07_32_16_PST,https://storage.googleapis.com/noaa-passive-bioacoustic/dclde/2027/dclde_2027_killer_whales/orcasound/audio/orcasound_lab/1562337136_0017.wav,DCLDE Orcasound full recording; source=1562337136_0017.wav; original_classes=KW; ecotype=SRKW,dclde_orcasound_full_recording,100
resident,dclde_orcasound_lab_1562337136_0018,2019_07_05_07_32_16_PST,https://storage.googleapis.com/noaa-passive-bioacoustic/dclde/2027/dclde_2027_killer_whales/orcasound/audio/orcasound_lab/1562337136_0018.wav,DCLDE Orcasound full recording; source=1562337136_0018.wav; original_classes=KW; ecotype=SRKW,dclde_orcasound_full_recording,100
resident,dclde_orcasound_lab_1562337136_0019,2019_07_05_07_32_16_PST,https://storage.googleapis.com/noaa-passive-bioacoustic/dclde/2027/dclde_2027_killer_whales/orcasound/audio/orcasound_lab/1562337136_0019.wav,DCLDE Orcasound full recording; source=1562337136_0019.wav; original_classes=KW; ecotype=SRKW,dclde_orcasound_full_recording,100
resident,dclde_orcasound_lab_1562337136_001a,2019_07_05_07_32_16_PST,https://storage.googleapis.com/noaa-passive-bioacoustic/dclde/2027/dclde_2027_killer_whales/orcasound/audio/orcasound_lab/1562337136_001a.wav,DCLDE Orcasound full recording; source=1562337136_001a.wav; original_classes=KW; ecotype=SRKW,dclde_orcasound_full_recording,100
resident,dclde_orcasound_lab_1562337136_001b,2019_07_05_07_32_16_PST,https://storage.googleapis.com/noaa-passive-bioacoustic/dclde/2027/dclde_2027_killer_whales/orcasound/audio/orcasound_lab/1562337136_001b.wav,DCLDE Orcasound full recording; source=1562337136_001b.wav; original_classes=AB+KW; ecotype=SRKW,dclde_orcasound_full_recording,100
resident,dclde_orcasound_lab_1562337136_001c,2019_07_05_07_32_16_PST,https://storage.googleapis.com/noaa-passive-bioacoustic/dclde/2027/dclde_2027_killer_whales/orcasound/audio/orcasound_lab/1562337136_001c.wav,DCLDE Orcasound full recording; source=1562337136_001c.wav; original_classes=KW; ecotype=SRKW,dclde_orcasound_full_recording,100
resident,dclde_orcasound_lab_1562340736_0001,2019_07_05_08_32_16_PST,https://storage.googleapis.com/noaa-passive-bioacoustic/dclde/2027/dclde_2027_killer_whales/orcasound/audio/orcasound_lab/1562340736_0001.wav,DCLDE Orcasound full recording; source=1562340736_0001.wav; original_classes=KW; ecotype=SRKW,dclde_orcasound_full_recording,100
resident,dclde_orcasound_lab_1562340736_0004,2019_07_05_08_32_16_PST,https://storage.googleapis.com/noaa-passive-bioacoustic/dclde/2027/dclde_2027_killer_whales/orcasound/audio/orcasound_lab/1562340736_0004.wav,DCLDE Orcasound full recording; source=1562340736_0004.wav; original_classes=KW; ecotype=SRKW,dclde_orcasound_full_recording,100
resident,dclde_orcasound_lab_1562340736_0005,2019_07_05_08_32_16_PST,https://storage.googleapis.com/noaa-passive-bioacoustic/dclde/2027/dclde_2027_killer_whales/orcasound/audio/orcasound_lab/1562340736_0005.wav,DCLDE Orcasound full recording; source=1562340736_0005.wav; original_classes=KW; ecotype=SRKW,dclde_orcasound_full_recording,100
resident,dclde_orcasound_lab_1562340736_0006,2019_07_05_08_32_16_PST,https://storage.googleapis.com/noaa-passive-bioacoustic/dclde/2027/dclde_2027_killer_whales/orcasound/audio/orcasound_lab/1562340736_0006.wav,DCLDE Orcasound full recording; source=1562340736_0006.wav; original_classes=KW; ecotype=SRKW,dclde_orcasound_full_recording,100
resident,dclde_orcasound_lab_1562340736_0007,2019_07_05_08_32_16_PST,https://storage.googleapis.com/noaa-passive-bioacoustic/dclde/2027/dclde_2027_killer_whales/orcasound/audio/orcasound_lab/1562340736_0007.wav,DCLDE Orcasound full recording; source=1562340736_0007.wav; original_classes=KW; ecotype=SRKW,dclde_orcasound_full_recording,100
resident,dclde_orcasound_lab_1562340736_0008,2019_07_05_08_32_16_PST,https://storage.googleapis.com/noaa-passive-bioacoustic/dclde/2027/dclde_2027_killer_whales/orcasound/audio/orcasound_lab/1562340736_0008.wav,DCLDE Orcasound full recording; source=1562340736_0008.wav; original_classes=KW; ecotype=SRKW,dclde_orcasound_full_recording,100
resident,dclde_orcasound_lab_1562340736_0009,2019_07_05_08_32_16_PST,https://storage.googleapis.com/noaa-passive-bioacoustic/dclde/2027/dclde_2027_killer_whales/orcasound/audio/orcasound_lab/1562340736_0009.wav,DCLDE Orcasound full recording; source=1562340736_0009.wav; original_classes=KW; ecotype=SRKW,dclde_orcasound_full_recording,100
resident,dclde_orcasound_lab_1562340736_000a,2019_07_05_08_32_16_PST,https://storage.googleapis.com/noaa-passive-bioacoustic/dclde/2027/dclde_2027_killer_whales/orcasound/audio/orcasound_lab/1562340736_000a.wav,DCLDE Orcasound full recording; source=1562340736_000a.wav; original_classes=KW; ecotype=SRKW,dclde_orcasound_full_recording,100
resident,dclde_orcasound_lab_1562340736_000b,2019_07_05_08_32_16_PST,https://storage.googleapis.com/noaa-passive-bioacoustic/dclde/2027/dclde_2027_killer_whales/orcasound/audio/orcasound_lab/1562340736_000b.wav,DCLDE Orcasound full recording; source=1562340736_000b.wav; original_classes=KW; ecotype=SRKW,dclde_orcasound_full_recording,100
resident,dclde_orcasound_lab_1562340736_000c,2019_07_05_08_32_16_PST,https://storage.googleapis.com/noaa-passive-bioacoustic/dclde/2027/dclde_2027_killer_whales/orcasound/audio/orcasound_lab/1562340736_000c.wav,DCLDE Orcasound full recording; source=1562340736_000c.wav; original_classes=KW; ecotype=SRKW,dclde_orcasound_full_recording,100
resident,dclde_orcasound_lab_1562340736_000d,2019_07_05_08_32_16_PST,https://storage.googleapis.com/noaa-passive-bioacoustic/dclde/2027/dclde_2027_killer_whales/orcasound/audio/orcasound_lab/1562340736_000d.wav,DCLDE Orcasound full recording; source=1562340736_000d.wav; original_classes=AB+KW; ecotype=SRKW,dclde_orcasound_full_recording,100
resident,dclde_orcasound_lab_1562340736_000e,2019_07_05_08_32_16_PST,https://storage.googleapis.com/noaa-passive-bioacoustic/dclde/2027/dclde_2027_killer_whales/orcasound/audio/orcasound_lab/1562340736_000e.wav,DCLDE Orcasound full recording; source=1562340736_000e.wav; original_classes=KW; ecotype=SRKW,dclde_orcasound_full_recording,100
resident,dclde_orcasound_lab_1562340736_000f,2019_07_05_08_32_16_PST,https://storage.googleapis.com/noaa-passive-bioacoustic/dclde/2027/dclde_2027_killer_whales/orcasound/audio/orcasound_lab/1562340736_000f.wav,DCLDE Orcasound full recording; source=1562340736_000f.wav; original_classes=KW; ecotype=SRKW,dclde_orcasound_full_recording,100
resident,dclde_orcasound_lab_1562340736_0010,2019_07_05_08_32_16_PST,https://storage.googleapis.com/noaa-passive-bioacoustic/dclde/2027/dclde_2027_killer_whales/orcasound/audio/orcasound_lab/1562340736_0010.wav,DCLDE Orcasound full recording; source=1562340736_0010.wav; original_classes=KW; ecotype=SRKW,dclde_orcasound_full_recording,100
resident,dclde_orcasound_lab_1562340736_0011,2019_07_05_08_32_16_PST,https://storage.googleapis.com/noaa-passive-bioacoustic/dclde/2027/dclde_2027_killer_whales/orcasound/audio/orcasound_lab/1562340736_0011.wav,DCLDE Orcasound full recording; source=1562340736_0011.wav; original_classes=KW; ecotype=SRKW,dclde_orcasound_full_recording,100
resident,dclde_orcasound_lab_1562340736_0012,2019_07_05_08_32_16_PST,https://storage.googleapis.com/noaa-passive-bioacoustic/dclde/2027/dclde_2027_killer_whales/orcasound/audio/orcasound_lab/1562340736_0012.wav,DCLDE Orcasound full recording; source=1562340736_0012.wav; original_classes=AB+KW; ecotype=SRKW,dclde_orcasound_full_recording,100
resident,dclde_orcasound_lab_1562340736_0013,2019_07_05_08_32_16_PST,https://storage.googleapis.com/noaa-passive-bioacoustic/dclde/2027/dclde_2027_killer_whales/orcasound/audio/orcasound_lab/1562340736_0013.wav,DCLDE Orcasound full recording; source=1562340736_0013.wav; original_classes=AB+KW; ecotype=SRKW,dclde_orcasound_full_recording,100
resident,dclde_orcasound_lab_1562340736_0014,2019_07_05_08_32_16_PST,https://storage.googleapis.com/noaa-passive-bioacoustic/dclde/2027/dclde_2027_killer_whales/orcasound/audio/orcasound_lab/1562340736_0014.wav,DCLDE Orcasound full recording; source=1562340736_0014.wav; original_classes=KW; ecotype=SRKW,dclde_orcasound_full_recording,100
resident,dclde_orcasound_lab_1562340736_0015,2019_07_05_08_32_16_PST,https://storage.googleapis.com/noaa-passive-bioacoustic/dclde/2027/dclde_2027_killer_whales/orcasound/audio/orcasound_lab/1562340736_0015.wav,DCLDE Orcasound full recording; source=1562340736_0015.wav; original_classes=KW; ecotype=SRKW,dclde_orcasound_full_recording,100
resident,dclde_orcasound_lab_1562340736_0016,2019_07_05_08_32_16_PST,https://storage.googleapis.com/noaa-passive-bioacoustic/dclde/2027/dclde_2027_killer_whales/orcasound/audio/orcasound_lab/1562340736_0016.wav,DCLDE Orcasound full recording; source=1562340736_0016.wav; original_classes=KW; ecotype=SRKW,dclde_orcasound_full_recording,100
resident,dclde_orcasound_lab_1562340736_0017,2019_07_05_08_32_16_PST,https://storage.googleapis.com/noaa-passive-bioacoustic/dclde/2027/dclde_2027_killer_whales/orcasound/audio/orcasound_lab/1562340736_0017.wav,DCLDE Orcasound full recording; source=1562340736_0017.wav; original_classes=KW; ecotype=SRKW,dclde_orcasound_full_recording,100
resident,dclde_orcasound_lab_1562340736_0018,2019_07_05_08_32_16_PST,https://storage.googleapis.com/noaa-passive-bioacoustic/dclde/2027/dclde_2027_killer_whales/orcasound/audio/orcasound_lab/1562340736_0018.wav,DCLDE Orcasound full recording; source=1562340736_0018.wav; original_classes=KW; ecotype=SRKW,dclde_orcasound_full_recording,100
resident,dclde_orcasound_lab_1562340736_0019,2019_07_05_08_32_16_PST,https://storage.googleapis.com/noaa-passive-bioacoustic/dclde/2027/dclde_2027_killer_whales/orcasound/audio/orcasound_lab/1562340736_0019.wav,DCLDE Orcasound full recording; source=1562340736_0019.wav; original_classes=AB+KW; ecotype=SRKW,dclde_orcasound_full_recording,100
resident,dclde_orcasound_lab_1562340736_001b,2019_07_05_08_32_16_PST,https://storage.googleapis.com/noaa-passive-bioacoustic/dclde/2027/dclde_2027_killer_whales/orcasound/audio/orcasound_lab/1562340736_001b.wav,DCLDE Orcasound full recording; source=1562340736_001b.wav; original_classes=KW; ecotype=SRKW,dclde_orcasound_full_recording,100
resident,dclde_orcasound_lab_1562340736_001c,2019_07_05_08_32_16_PST,https://storage.googleapis.com/noaa-passive-bioacoustic/dclde/2027/dclde_2027_killer_whales/orcasound/audio/orcasound_lab/1562340736_001c.wav,DCLDE Orcasound full recording; source=1562340736_001c.wav; original_classes=AB+KW; ecotype=SRKW,dclde_orcasound_full_recording,100
resident,dclde_orcasound_lab_1562344334_0001,2019_07_05_09_32_14_PST,https://storage.googleapis.com/noaa-passive-bioacoustic/dclde/2027/dclde_2027_killer_whales/orcasound/audio/orcasound_lab/1562344334_0001.wav,DCLDE Orcasound full recording; source=1562344334_0001.wav; original_classes=KW; ecotype=SRKW,dclde_orcasound_full_recording,100
resident,dclde_orcasound_lab_1562344334_0002,2019_07_05_09_32_14_PST,https://storage.googleapis.com/noaa-passive-bioacoustic/dclde/2027/dclde_2027_killer_whales/orcasound/audio/orcasound_lab/1562344334_0002.wav,DCLDE Orcasound full recording; source=1562344334_0002.wav; original_classes=KW; ecotype=SRKW,dclde_orcasound_full_recording,100
resident,dclde_orcasound_lab_1562344334_0003,2019_07_05_09_32_14_PST,https://storage.googleapis.com/noaa-passive-bioacoustic/dclde/2027/dclde_2027_killer_whales/orcasound/audio/orcasound_lab/1562344334_0003.wav,DCLDE Orcasound full recording; source=1562344334_0003.wav; original_classes=KW; ecotype=SRKW,dclde_orcasound_full_recording,100
resident,dclde_orcasound_lab_1562344334_0004,2019_07_05_09_32_14_PST,https://storage.googleapis.com/noaa-passive-bioacoustic/dclde/2027/dclde_2027_killer_whales/orcasound/audio/orcasound_lab/1562344334_0004.wav,DCLDE Orcasound full recording; source=1562344334_0004.wav; original_classes=KW; ecotype=SRKW,dclde_orcasound_full_recording,100
resident,dclde_orcasound_lab_1562344334_0005,2019_07_05_09_32_14_PST,https://storage.googleapis.com/noaa-passive-bioacoustic/dclde/2027/dclde_2027_killer_whales/orcasound/audio/orcasound_lab/1562344334_0005.wav,DCLDE Orcasound full recording; source=1562344334_0005.wav; original_classes=KW; ecotype=SRKW,dclde_orcasound_full_recording,100
resident,dclde_orcasound_lab_1562344334_0006,2019_07_05_09_32_14_PST,https://storage.googleapis.com/noaa-passive-bioacoustic/dclde/2027/dclde_2027_killer_whales/orcasound/audio/orcasound_lab/1562344334_0006.wav,DCLDE Orcasound full recording; source=1562344334_0006.wav; original_classes=KW; ecotype=SRKW,dclde_orcasound_full_recording,100
resident,dclde_orcasound_lab_1562344334_0007,2019_07_05_09_32_14_PST,https://storage.googleapis.com/noaa-passive-bioacoustic/dclde/2027/dclde_2027_killer_whales/orcasound/audio/orcasound_lab/1562344334_0007.wav,DCLDE Orcasound full recording; source=1562344334_0007.wav; original_classes=KW; ecotype=SRKW,dclde_orcasound_full_recording,100
resident,dclde_orcasound_lab_1562344334_0008,2019_07_05_09_32_14_PST,https://storage.googleapis.com/noaa-passive-bioacoustic/dclde/2027/dclde_2027_killer_whales/orcasound/audio/orcasound_lab/1562344334_0008.wav,DCLDE Orcasound full recording; source=1562344334_0008.wav; original_classes=KW; ecotype=SRKW,dclde_orcasound_full_recording,100
resident,dclde_orcasound_lab_1562344334_000a,2019_07_05_09_32_14_PST,https://storage.googleapis.com/noaa-passive-bioacoustic/dclde/2027/dclde_2027_killer_whales/orcasound/audio/orcasound_lab/1562344334_000a.wav,DCLDE Orcasound full recording; source=1562344334_000a.wav; original_classes=KW; ecotype=SRKW,dclde_orcasound_full_recording,100
resident,dclde_orcasound_lab_1562344334_000b,2019_07_05_09_32_14_PST,https://storage.googleapis.com/noaa-passive-bioacoustic/dclde/2027/dclde_2027_killer_whales/orcasound/audio/orcasound_lab/1562344334_000b.wav,DCLDE Orcasound full recording; source=1562344334_000b.wav; original_classes=AB+KW; ecotype=SRKW,dclde_orcasound_full_recording,100
resident,dclde_orcasound_lab_1562344334_000c,2019_07_05_09_32_14_PST,https://storage.googleapis.com/noaa-passive-bioacoustic/dclde/2027/dclde_2027_killer_whales/orcasound/audio/orcasound_lab/1562344334_000c.wav,DCLDE Orcasound full recording; source=1562344334_000c.wav; original_classes=AB+KW; ecotype=SRKW,dclde_orcasound_full_recording,100
resident,dclde_orcasound_lab_1562344334_000d,2019_07_05_09_32_14_PST,https://storage.googleapis.com/noaa-passive-bioacoustic/dclde/2027/dclde_2027_killer_whales/orcasound/audio/orcasound_lab/1562344334_000d.wav,DCLDE Orcasound full recording; source=1562344334_000d.wav; original_classes=KW; ecotype=SRKW,dclde_orcasound_full_recording,100
resident,dclde_orcasound_lab_1562344334_000e,2019_07_05_09_32_14_PST,https://storage.googleapis.com/noaa-passive-bioacoustic/dclde/2027/dclde_2027_killer_whales/orcasound/audio/orcasound_lab/1562344334_000e.wav,DCLDE Orcasound full recording; source=1562344334_000e.wav; original_classes=AB+KW; ecotype=SRKW,dclde_orcasound_full_recording,100
resident,dclde_orcasound_lab_1562344334_000f,2019_07_05_09_32_14_PST,https://storage.googleapis.com/noaa-passive-bioacoustic/dclde/2027/dclde_2027_killer_whales/orcasound/audio/orcasound_lab/1562344334_000f.wav,DCLDE Orcasound full recording; source=1562344334_000f.wav; original_classes=KW; ecotype=SRKW,dclde_orcasound_full_recording,100
resident,dclde_orcasound_lab_1562344334_001c,2019_07_05_09_32_14_PST,https://storage.googleapis.com/noaa-passive-bioacoustic/dclde/2027/dclde_2027_killer_whales/orcasound/audio/orcasound_lab/1562344334_001c.wav,DCLDE Orcasound full recording; source=1562344334_001c.wav; original_classes=KW; ecotype=SRKW,dclde_orcasound_full_recording,100
resident,dclde_orcasound_lab_os_9_27_2017_08_09_00_0002,2017_09_27_08_09_00_PST,https://storage.googleapis.com/noaa-passive-bioacoustic/dclde/2027/dclde_2027_killer_whales/orcasound/audio/orcasound_lab/OS_9_27_2017_08_09_00__0002.wav,DCLDE Orcasound full recording; source=OS_9_27_2017_08_09_00__0002.wav; original_classes=KW; ecotype=SRKW,dclde_orcasound_full_recording,100
resident,dclde_orcasound_lab_os_9_27_2017_08_09_00_0004,2017_09_27_08_09_00_PST,https://storage.googleapis.com/noaa-passive-bioacoustic/dclde/2027/dclde_2027_killer_whales/orcasound/audio/orcasound_lab/OS_9_27_2017_08_09_00__0004.wav,DCLDE Orcasound full recording; source=OS_9_27_2017_08_09_00__0004.wav; original_classes=KW; ecotype=SRKW,dclde_orcasound_full_recording,100
resident,dclde_orcasound_lab_os_9_27_2017_08_14_00_0000,2017_09_27_08_14_00_PST,https://storage.googleapis.com/noaa-passive-bioacoustic/dclde/2027/dclde_2027_killer_whales/orcasound/audio/orcasound_lab/OS_9_27_2017_08_14_00__0000.wav,DCLDE Orcasound full recording; source=OS_9_27_2017_08_14_00__0000.wav; original_classes=KW; ecotype=SRKW,dclde_orcasound_full_recording,100
resident,dclde_orcasound_lab_os_9_27_2017_08_14_00_0002,2017_09_27_08_14_00_PST,https://storage.googleapis.com/noaa-passive-bioacoustic/dclde/2027/dclde_2027_killer_whales/orcasound/audio/orcasound_lab/OS_9_27_2017_08_14_00__0002.wav,DCLDE Orcasound full recording; source=OS_9_27_2017_08_14_00__0002.wav; original_classes=KW; ecotype=SRKW,dclde_orcasound_full_recording,100
resident,dclde_orcasound_lab_os_9_27_2017_08_14_00_0004,2017_09_27_08_14_00_PST,https://storage.googleapis.com/noaa-passive-bioacoustic/dclde/2027/dclde_2027_killer_whales/orcasound/audio/orcasound_lab/OS_9_27_2017_08_14_00__0004.wav,DCLDE Orcasound full recording; source=OS_9_27_2017_08_14_00__0004.wav; original_classes=KW; ecotype=SRKW,dclde_orcasound_full_recording,100
resident,dclde_orcasound_lab_os_9_27_2017_08_19_00_0001,2017_09_27_08_19_00_PST,https://storage.googleapis.com/noaa-passive-bioacoustic/dclde/2027/dclde_2027_killer_whales/orcasound/audio/orcasound_lab/OS_9_27_2017_08_19_00__0001.wav,DCLDE Orcasound full recording; source=OS_9_27_2017_08_19_00__0001.wav; original_classes=KW; ecotype=SRKW,dclde_orcasound_full_recording,100
resident,dclde_orcasound_lab_os_9_27_2017_08_19_00_0003,2017_09_27_08_19_00_PST,https://storage.googleapis.com/noaa-passive-bioacoustic/dclde/2027/dclde_2027_killer_whales/orcasound/audio/orcasound_lab/OS_9_27_2017_08_19_00__0003.wav,DCLDE Orcasound full recording; source=OS_9_27_2017_08_19_00__0003.wav; original_classes=KW; ecotype=SRKW,dclde_orcasound_full_recording,100
resident,dclde_orcasound_lab_os_9_27_2017_08_19_00_0004,2017_09_27_08_19_00_PST,https://storage.googleapis.com/noaa-passive-bioacoustic/dclde/2027/dclde_2027_killer_whales/orcasound/audio/orcasound_lab/OS_9_27_2017_08_19_00__0004.wav,DCLDE Orcasound full recording; source=OS_9_27_2017_08_19_00__0004.wav; original_classes=KW; ecotype=SRKW,dclde_orcasound_full_recording,100
resident,dclde_orcasound_lab_os_9_27_2017_08_25_00_0000,2017_09_27_08_25_00_PST,https://storage.googleapis.com/noaa-passive-bioacoustic/dclde/2027/dclde_2027_killer_whales/orcasound/audio/orcasound_lab/OS_9_27_2017_08_25_00__0000.wav,DCLDE Orcasound full recording; source=OS_9_27_2017_08_25_00__0000.wav; original_classes=KW; ecotype=SRKW,dclde_orcasound_full_recording,100
resident,dclde_orcasound_lab_os_9_27_2017_08_25_00_0001,2017_09_27_08_25_00_PST,https://storage.googleapis.com/noaa-passive-bioacoustic/dclde/2027/dclde_2027_killer_whales/orcasound/audio/orcasound_lab/OS_9_27_2017_08_25_00__0001.wav,DCLDE Orcasound full recording; source=OS_9_27_2017_08_25_00__0001.wav; original_classes=KW; ecotype=SRKW,dclde_orcasound_full_recording,100
resident,dclde_orcasound_lab_os_9_27_2017_08_25_00_0002,2017_09_27_08_25_00_PST,https://storage.googleapis.com/noaa-passive-bioacoustic/dclde/2027/dclde_2027_killer_whales/orcasound/audio/orcasound_lab/OS_9_27_2017_08_25_00__0002.wav,DCLDE Orcasound full recording; source=OS_9_27_2017_08_25_00__0002.wav; original_classes=AB+KW; ecotype=SRKW,dclde_orcasound_full_recording,100
resident,dclde_orcasound_lab_os_9_27_2017_08_30_00_0000,2017_09_27_08_30_00_PST,https://storage.googleapis.com/noaa-passive-bioacoustic/dclde/2027/dclde_2027_killer_whales/orcasound/audio/orcasound_lab/OS_9_27_2017_08_30_00__0000.wav,DCLDE Orcasound full recording; source=OS_9_27_2017_08_30_00__0000.wav; original_classes=AB+KW; ecotype=SRKW,dclde_orcasound_full_recording,100
resident,dclde_orcasound_lab_os_9_27_2017_08_30_00_0004,2017_09_27_08_30_00_PST,https://storage.googleapis.com/noaa-passive-bioacoustic/dclde/2027/dclde_2027_killer_whales/orcasound/audio/orcasound_lab/OS_9_27_2017_08_30_00__0004.wav,DCLDE Orcasound full recording; source=OS_9_27_2017_08_30_00__0004.wav; original_classes=KW; ecotype=SRKW,dclde_orcasound_full_recording,100
resident,dclde_orcasound_lab_os_9_27_2017_08_35_00_0001,2017_09_27_08_35_00_PST,https://storage.googleapis.com/noaa-passive-bioacoustic/dclde/2027/dclde_2027_killer_whales/orcasound/audio/orcasound_lab/OS_9_27_2017_08_35_00__0001.wav,DCLDE Orcasound full recording; source=OS_9_27_2017_08_35_00__0001.wav; original_classes=AB+KW; ecotype=SRKW,dclde_orcasound_full_recording,100
resident,dclde_orcasound_lab_os_9_27_2017_08_35_00_0002,2017_09_27_08_35_00_PST,https://storage.googleapis.com/noaa-passive-bioacoustic/dclde/2027/dclde_2027_killer_whales/orcasound/audio/orcasound_lab/OS_9_27_2017_08_35_00__0002.wav,DCLDE Orcasound full recording; source=OS_9_27_2017_08_35_00__0002.wav; original_classes=KW; ecotype=SRKW,dclde_orcasound_full_recording,100
resident,dclde_orcasound_lab_os_9_27_2017_08_35_00_0003,2017_09_27_08_35_00_PST,https://storage.googleapis.com/noaa-passive-bioacoustic/dclde/2027/dclde_2027_killer_whales/orcasound/audio/orcasound_lab/OS_9_27_2017_08_35_00__0003.wav,DCLDE Orcasound full recording; source=OS_9_27_2017_08_35_00__0003.wav; original_classes=AB+KW; ecotype=SRKW,dclde_orcasound_full_recording,100
resident,dclde_orcasound_lab_os_9_27_2017_08_46_00_0000,2017_09_27_08_46_00_PST,https://storage.googleapis.com/noaa-passive-bioacoustic/dclde/2027/dclde_2027_killer_whales/orcasound/audio/orcasound_lab/OS_9_27_2017_08_46_00__0000.wav,DCLDE Orcasound full recording; source=OS_9_27_2017_08_46_00__0000.wav; original_classes=AB+KW; ecotype=SRKW,dclde_orcasound_full_recording,100
resident,dclde_orcasound_lab_os_9_27_2017_08_46_00_0002,2017_09_27_08_46_00_PST,https://storage.googleapis.com/noaa-passive-bioacoustic/dclde/2027/dclde_2027_killer_whales/orcasound/audio/orcasound_lab/OS_9_27_2017_08_46_00__0002.wav,DCLDE Orcasound full recording; source=OS_9_27_2017_08_46_00__0002.wav; original_classes=AB+KW; ecotype=SRKW,dclde_orcasound_full_recording,100
resident,dclde_orcasound_lab_os_9_27_2017_08_46_00_0003,2017_09_27_08_46_00_PST,https://storage.googleapis.com/noaa-passive-bioacoustic/dclde/2027/dclde_2027_killer_whales/orcasound/audio/orcasound_lab/OS_9_27_2017_08_46_00__0003.wav,DCLDE Orcasound full recording; source=OS_9_27_2017_08_46_00__0003.wav; original_classes=KW; ecotype=SRKW,dclde_orcasound_full_recording,100
resident,dclde_orcasound_lab_os_9_27_2017_08_46_00_0004,2017_09_27_08_46_00_PST,https://storage.googleapis.com/noaa-passive-bioacoustic/dclde/2027/dclde_2027_killer_whales/orcasound/audio/orcasound_lab/OS_9_27_2017_08_46_00__0004.wav,DCLDE Orcasound full recording; source=OS_9_27_2017_08_46_00__0004.wav; original_classes=KW; ecotype=SRKW,dclde_orcasound_full_recording,100
resident,dclde_orcasound_lab_os_9_27_2017_08_57_00_0000,2017_09_27_08_57_00_PST,https://storage.googleapis.com/noaa-passive-bioacoustic/dclde/2027/dclde_2027_killer_whales/orcasound/audio/orcasound_lab/OS_9_27_2017_08_57_00__0000.wav,DCLDE Orcasound full recording; source=OS_9_27_2017_08_57_00__0000.wav; original_classes=KW; ecotype=SRKW,dclde_orcasound_full_recording,100
resident,dclde_orcasound_lab_os_9_27_2017_08_57_00_0001,2017_09_27_08_57_00_PST,https://storage.googleapis.com/noaa-passive-bioacoustic/dclde/2027/dclde_2027_killer_whales/orcasound/audio/orcasound_lab/OS_9_27_2017_08_57_00__0001.wav,DCLDE Orcasound full recording; source=OS_9_27_2017_08_57_00__0001.wav; original_classes=KW; ecotype=SRKW,dclde_orcasound_full_recording,100
resident,dclde_orcasound_lab_os_9_27_2017_08_57_00_0002,2017_09_27_08_57_00_PST,https://storage.googleapis.com/noaa-passive-bioacoustic/dclde/2027/dclde_2027_killer_whales/orcasound/audio/orcasound_lab/OS_9_27_2017_08_57_00__0002.wav,DCLDE Orcasound full recording; source=OS_9_27_2017_08_57_00__0002.wav; original_classes=AB+KW; ecotype=SRKW,dclde_orcasound_full_recording,100
resident,dclde_orcasound_lab_os_9_27_2017_08_57_00_0003,2017_09_27_08_57_00_PST,https://storage.googleapis.com/noaa-passive-bioacoustic/dclde/2027/dclde_2027_killer_whales/orcasound/audio/orcasound_lab/OS_9_27_2017_08_57_00__0003.wav,DCLDE Orcasound full recording; source=OS_9_27_2017_08_57_00__0003.wav; original_classes=AB+KW; ecotype=SRKW,dclde_orcasound_full_recording,100
resident,dclde_orcasound_lab_os_9_27_2017_09_02_00_0000,2017_09_27_09_02_00_PST,https://storage.googleapis.com/noaa-passive-bioacoustic/dclde/2027/dclde_2027_killer_whales/orcasound/audio/orcasound_lab/OS_9_27_2017_09_02_00__0000.wav,DCLDE Orcasound full recording; source=OS_9_27_2017_09_02_00__0000.wav; original_classes=AB+KW; ecotype=SRKW,dclde_orcasound_full_recording,100
resident,dclde_orcasound_lab_os_9_27_2017_09_02_00_0001,2017_09_27_09_02_00_PST,https://storage.googleapis.com/noaa-passive-bioacoustic/dclde/2027/dclde_2027_killer_whales/orcasound/audio/orcasound_lab/OS_9_27_2017_09_02_00__0001.wav,DCLDE Orcasound full recording; source=OS_9_27_2017_09_02_00__0001.wav; original_classes=KW; ecotype=SRKW,dclde_orcasound_full_recording,100
resident,dclde_orcasound_lab_os_9_27_2017_09_02_00_0003,2017_09_27_09_02_00_PST,https://storage.googleapis.com/noaa-passive-bioacoustic/dclde/2027/dclde_2027_killer_whales/orcasound/audio/orcasound_lab/OS_9_27_2017_09_02_00__0003.wav,DCLDE Orcasound full recording; source=OS_9_27_2017_09_02_00__0003.wav; original_classes=KW; ecotype=SRKW,dclde_orcasound_full_recording,100
resident,dclde_orcasound_lab_os_9_27_2017_09_23_00_0002,2017_09_27_09_23_00_PST,https://storage.googleapis.com/noaa-passive-bioacoustic/dclde/2027/dclde_2027_killer_whales/orcasound/audio/orcasound_lab/OS_9_27_2017_09_23_00__0002.wav,DCLDE Orcasound full recording; source=OS_9_27_2017_09_23_00__0002.wav; original_classes=KW; ecotype=SRKW,dclde_orcasound_full_recording,100
resident,dclde_orcasound_lab_os_9_27_2017_09_23_00_0003,2017_09_27_09_23_00_PST,https://storage.googleapis.com/noaa-passive-bioacoustic/dclde/2027/dclde_2027_killer_whales/orcasound/audio/orcasound_lab/OS_9_27_2017_09_23_00__0003.wav,DCLDE Orcasound full recording; source=OS_9_27_2017_09_23_00__0003.wav; original_classes=KW; ecotype=SRKW,dclde_orcasound_full_recording,100
resident,dclde_orcasound_lab_os_9_27_2017_09_34_00_0000,2017_09_27_09_34_00_PST,https://storage.googleapis.com/noaa-passive-bioacoustic/dclde/2027/dclde_2027_killer_whales/orcasound/audio/orcasound_lab/OS_9_27_2017_09_34_00__0000.wav,DCLDE Orcasound full recording; source=OS_9_27_2017_09_34_00__0000.wav; original_classes=KW; ecotype=SRKW,dclde_orcasound_full_recording,100
resident,dclde_orcasound_lab_os_9_27_2017_09_34_00_0001,2017_09_27_09_34_00_PST,https://storage.googleapis.com/noaa-passive-bioacoustic/dclde/2027/dclde_2027_killer_whales/orcasound/audio/orcasound_lab/OS_9_27_2017_09_34_00__0001.wav,DCLDE Orcasound full recording; source=OS_9_27_2017_09_34_00__0001.wav; original_classes=KW; ecotype=SRKW,dclde_orcasound_full_recording,100
resident,dclde_orcasound_lab_os_9_27_2017_09_34_00_0003,2017_09_27_09_34_00_PST,https://storage.googleapis.com/noaa-passive-bioacoustic/dclde/2027/dclde_2027_killer_whales/orcasound/audio/orcasound_lab/OS_9_27_2017_09_34_00__0003.wav,DCLDE Orcasound full recording; source=OS_9_27_2017_09_34_00__0003.wav; original_classes=KW; ecotype=SRKW,dclde_orcasound_full_recording,100
resident,dclde_orcasound_lab_os_9_27_2017_09_34_00_0004,2017_09_27_09_34_00_PST,https://storage.googleapis.com/noaa-passive-bioacoustic/dclde/2027/dclde_2027_killer_whales/orcasound/audio/orcasound_lab/OS_9_27_2017_09_34_00__0004.wav,DCLDE Orcasound full recording; source=OS_9_27_2017_09_34_00__0004.wav; original_classes=AB+KW; ecotype=SRKW,dclde_orcasound_full_recording,100
resident,dclde_orcasound_lab_os_9_27_2017_09_45_00_0000,2017_09_27_09_45_00_PST,https://storage.googleapis.com/noaa-passive-bioacoustic/dclde/2027/dclde_2027_killer_whales/orcasound/audio/orcasound_lab/OS_9_27_2017_09_45_00__0000.wav,DCLDE Orcasound full recording; source=OS_9_27_2017_09_45_00__0000.wav; original_classes=KW; ecotype=SRKW,dclde_orcasound_full_recording,100
resident,dclde_orcasound_lab_os_9_27_2017_09_45_00_0001,2017_09_27_09_45_00_PST,https://storage.googleapis.com/noaa-passive-bioacoustic/dclde/2027/dclde_2027_killer_whales/orcasound/audio/orcasound_lab/OS_9_27_2017_09_45_00__0001.wav,DCLDE Orcasound full recording; source=OS_9_27_2017_09_45_00__0001.wav; original_classes=AB+KW; ecotype=SRKW,dclde_orcasound_full_recording,100
resident,dclde_orcasound_lab_os_9_27_2017_09_45_00_0002,2017_09_27_09_45_00_PST,https://storage.googleapis.com/noaa-passive-bioacoustic/dclde/2027/dclde_2027_killer_whales/orcasound/audio/orcasound_lab/OS_9_27_2017_09_45_00__0002.wav,DCLDE Orcasound full recording; source=OS_9_27_2017_09_45_00__0002.wav; original_classes=AB+KW; ecotype=SRKW,dclde_orcasound_full_recording,100
resident,dclde_orcasound_lab_os_9_27_2017_09_50_00_0003,2017_09_27_09_50_00_PST,https://storage.googleapis.com/noaa-passive-bioacoustic/dclde/2027/dclde_2027_killer_whales/orcasound/audio/orcasound_lab/OS_9_27_2017_09_50_00__0003.wav,DCLDE Orcasound full recording; source=OS_9_27_2017_09_50_00__0003.wav; original_classes=KW; ecotype=SRKW,dclde_orcasound_full_recording,100
resident,dclde_orcasound_lab_os_9_27_2017_09_56_00_0004,2017_09_27_09_56_00_PST,https://storage.googleapis.com/noaa-passive-bioacoustic/dclde/2027/dclde_2027_killer_whales/orcasound/audio/orcasound_lab/OS_9_27_2017_09_56_00__0004.wav,DCLDE Orcasound full recording; source=OS_9_27_2017_09_56_00__0004.wav; original_classes=KW; ecotype=SRKW,dclde_orcasound_full_recording,100
resident,dclde_orcasound_lab_os_9_27_2017_10_01_00_0000,2017_09_27_10_01_00_PST,https://storage.googleapis.com/noaa-passive-bioacoustic/dclde/2027/dclde_2027_killer_whales/orcasound/audio/orcasound_lab/OS_9_27_2017_10_01_00__0000.wav,DCLDE Orcasound full recording; source=OS_9_27_2017_10_01_00__0000.wav; original_classes=KW; ecotype=SRKW,dclde_orcasound_full_recording,100
resident,dclde_orcasound_lab_os_9_27_2017_10_01_00_0001,2017_09_27_10_01_00_PST,https://storage.googleapis.com/noaa-passive-bioacoustic/dclde/2027/dclde_2027_killer_whales/orcasound/audio/orcasound_lab/OS_9_27_2017_10_01_00__0001.wav,DCLDE Orcasound full recording; source=OS_9_27_2017_10_01_00__0001.wav; original_classes=KW; ecotype=SRKW,dclde_orcasound_full_recording,100
resident,dclde_orcasound_lab_os_9_27_2017_10_01_00_0003,2017_09_27_10_01_00_PST,https://storage.googleapis.com/noaa-passive-bioacoustic/dclde/2027/dclde_2027_killer_whales/orcasound/audio/orcasound_lab/OS_9_27_2017_10_01_00__0003.wav,DCLDE Orcasound full recording; source=OS_9_27_2017_10_01_00__0003.wav; original_classes=AB+KW; ecotype=SRKW,dclde_orcasound_full_recording,100
resident,dclde_orcasound_lab_os_9_27_2017_10_07_00_0000,2017_09_27_10_07_00_PST,https://storage.googleapis.com/noaa-passive-bioacoustic/dclde/2027/dclde_2027_killer_whales/orcasound/audio/orcasound_lab/OS_9_27_2017_10_07_00__0000.wav,DCLDE Orcasound full recording; source=OS_9_27_2017_10_07_00__0000.wav; original_classes=AB+KW; ecotype=SRKW,dclde_orcasound_full_recording,100
resident,dclde_orcasound_lab_os_9_27_2017_10_07_00_0001,2017_09_27_10_07_00_PST,https://storage.googleapis.com/noaa-passive-bioacoustic/dclde/2027/dclde_2027_killer_whales/orcasound/audio/orcasound_lab/OS_9_27_2017_10_07_00__0001.wav,DCLDE Orcasound full recording; source=OS_9_27_2017_10_07_00__0001.wav; original_classes=KW; ecotype=SRKW,dclde_orcasound_full_recording,100
resident,dclde_orcasound_lab_os_9_27_2017_10_07_00_0002,2017_09_27_10_07_00_PST,https://storage.googleapis.com/noaa-passive-bioacoustic/dclde/2027/dclde_2027_killer_whales/orcasound/audio/orcasound_lab/OS_9_27_2017_10_07_00__0002.wav,DCLDE Orcasound full recording; source=OS_9_27_2017_10_07_00__0002.wav; original_classes=KW; ecotype=SRKW,dclde_orcasound_full_recording,100
resident,dclde_orcasound_lab_os_9_27_2017_10_07_00_0003,2017_09_27_10_07_00_PST,https://storage.googleapis.com/noaa-passive-bioacoustic/dclde/2027/dclde_2027_killer_whales/orcasound/audio/orcasound_lab/OS_9_27_2017_10_07_00__0003.wav,DCLDE Orcasound full recording; source=OS_9_27_2017_10_07_00__0003.wav; original_classes=KW; ecotype=SRKW,dclde_orcasound_full_recording,100
resident,dclde_orcasound_lab_os_9_27_2017_11_58_00_0001,2017_09_27_11_58_00_PST,https://storage.googleapis.com/noaa-passive-bioacoustic/dclde/2027/dclde_2027_killer_whales/orcasound/audio/orcasound_lab/OS_9_27_2017_11_58_00__0001.wav,DCLDE Orcasound full recording; source=OS_9_27_2017_11_58_00__0001.wav; original_classes=KW; ecotype=SRKW,dclde_orcasound_full_recording,100
resident,rpi_bush_point,2020_09_27_22_55_00_PST,https://storage.googleapis.com/noaa-passive-bioacoustic/dclde/2027/dclde_2027_killer_whales/orcasound/audio/bush_point/rpi-bush-point_2020_09_27_22_55_00.wav,DCLDE Orcasound full recording; source=rpi-bush-point_2020_09_27_22_55_00.wav; original_classes=AB+KW; ecotype=SRKW,dclde_orcasound_full_recording,100
resident,rpi_bush_point,2020_09_27_22_56_00_PST,https://storage.googleapis.com/noaa-passive-bioacoustic/dclde/2027/dclde_2027_killer_whales/orcasound/audio/bush_point/rpi-bush-point_2020_09_27_22_56_00.wav,DCLDE Orcasound full recording; source=rpi-bush-point_2020_09_27_22_56_00.wav; original_classes=AB+KW; ecotype=SRKW,dclde_orcasound_full_recording,100
resident,rpi_bush_point,2020_09_27_22_57_00_PST,https://storage.googleapis.com/noaa-passive-bioacoustic/dclde/2027/dclde_2027_killer_whales/orcasound/audio/bush_point/rpi-bush-point_2020_09_27_22_57_00.wav,DCLDE Orcasound full recording; source=rpi-bush-point_2020_09_27_22_57_00.wav; original_classes=AB+KW; ecotype=SRKW,dclde_orcasound_full_recording,100
resident,rpi_bush_point,2020_09_27_22_58_00_PST,https://storage.googleapis.com/noaa-passive-bioacoustic/dclde/2027/dclde_2027_killer_whales/orcasound/audio/bush_point/rpi-bush-point_2020_09_27_22_58_00.wav,DCLDE Orcasound full recording; source=rpi-bush-point_2020_09_27_22_58_00.wav; original_classes=AB+KW; ecotype=SRKW,dclde_orcasound_full_recording,100
resident,rpi_bush_point,2020_09_27_23_00_00_PST,https://storage.googleapis.com/noaa-passive-bioacoustic/dclde/2027/dclde_2027_killer_whales/orcasound/audio/bush_point/rpi-bush-point_2020_09_27_23_00_00.wav,DCLDE Orcasound full recording; source=rpi-bush-point_2020_09_27_23_00_00.wav; original_classes=AB+KW; ecotype=SRKW,dclde_orcasound_full_recording,100
resident,rpi_bush_point,2020_09_27_23_01_00_PST,https://storage.googleapis.com/noaa-passive-bioacoustic/dclde/2027/dclde_2027_killer_whales/orcasound/audio/bush_point/rpi-bush-point_2020_09_27_23_01_00.wav,DCLDE Orcasound full recording; source=rpi-bush-point_2020_09_27_23_01_00.wav; original_classes=AB+KW; ecotype=SRKW,dclde_orcasound_full_recording,100
resident,rpi_bush_point,2020_09_27_23_02_00_PST,https://storage.googleapis.com/noaa-passive-bioacoustic/dclde/2027/dclde_2027_killer_whales/orcasound/audio/bush_point/rpi-bush-point_2020_09_27_23_02_00.wav,DCLDE Orcasound full recording; source=rpi-bush-point_2020_09_27_23_02_00.wav; original_classes=AB+KW; ecotype=SRKW,dclde_orcasound_full_recording,100
resident,rpi_bush_point,2020_09_27_23_03_00_PST,https://storage.googleapis.com/noaa-passive-bioacoustic/dclde/2027/dclde_2027_killer_whales/orcasound/audio/bush_point/rpi-bush-point_2020_09_27_23_03_00.wav,DCLDE Orcasound full recording; source=rpi-bush-point_2020_09_27_23_03_00.wav; original_classes=AB+KW; ecotype=SRKW,dclde_orcasound_full_recording,100
resident,rpi_bush_point,2020_09_27_23_04_00_PST,https://storage.googleapis.com/noaa-passive-bioacoustic/dclde/2027/dclde_2027_killer_whales/orcasound/audio/bush_point/rpi-bush-point_2020_09_27_23_04_00.wav,DCLDE Orcasound full recording; source=rpi-bush-point_2020_09_27_23_04_00.wav; original_classes=AB+KW; ecotype=SRKW,dclde_orcasound_full_recording,100
resident,rpi_bush_point,2020_09_27_23_05_00_PST,https://storage.googleapis.com/noaa-passive-bioacoustic/dclde/2027/dclde_2027_killer_whales/orcasound/audio/bush_point/rpi-bush-point_2020_09_27_23_05_00.wav,DCLDE Orcasound full recording; source=rpi-bush-point_2020_09_27_23_05_00.wav; original_classes=AB+KW; ecotype=SRKW,dclde_orcasound_full_recording,100
resident,rpi_bush_point,2020_09_27_23_06_00_PST,https://storage.googleapis.com/noaa-passive-bioacoustic/dclde/2027/dclde_2027_killer_whales/orcasound/audio/bush_point/rpi-bush-point_2020_09_27_23_06_00.wav,DCLDE Orcasound full recording; source=rpi-bush-point_2020_09_27_23_06_00.wav; original_classes=AB+KW; ecotype=SRKW,dclde_orcasound_full_recording,100
resident,rpi_bush_point,2020_09_27_23_07_00_PST,https://storage.googleapis.com/noaa-passive-bioacoustic/dclde/2027/dclde_2027_killer_whales/orcasound/audio/bush_point/rpi-bush-point_2020_09_27_23_07_00.wav,DCLDE Orcasound full recording; source=rpi-bush-point_2020_09_27_23_07_00.wav; original_classes=AB+KW; ecotype=SRKW,dclde_orcasound_full_recording,100
resident,rpi_bush_point,2020_09_27_23_08_00_PST,https://storage.googleapis.com/noaa-passive-bioacoustic/dclde/2027/dclde_2027_killer_whales/orcasound/audio/bush_point/rpi-bush-point_2020_09_27_23_08_00.wav,DCLDE Orcasound full recording; source=rpi-bush-point_2020_09_27_23_08_00.wav; original_classes=AB+KW; ecotype=SRKW,dclde_orcasound_full_recording,100
resident,rpi_bush_point,2020_09_27_23_09_00_PST,https://storage.googleapis.com/noaa-passive-bioacoustic/dclde/2027/dclde_2027_killer_whales/orcasound/audio/bush_point/rpi-bush-point_2020_09_27_23_09_00.wav,DCLDE Orcasound full recording; source=rpi-bush-point_2020_09_27_23_09_00.wav; original_classes=AB+KW; ecotype=SRKW,dclde_orcasound_full_recording,100
resident,rpi_bush_point,2020_09_27_23_10_00_PST,https://storage.googleapis.com/noaa-passive-bioacoustic/dclde/2027/dclde_2027_killer_whales/orcasound/audio/bush_point/rpi-bush-point_2020_09_27_23_10_00.wav,DCLDE Orcasound full recording; source=rpi-bush-point_2020_09_27_23_10_00.wav; original_classes=AB+KW; ecotype=SRKW,dclde_orcasound_full_recording,100
resident,rpi_bush_point,2020_09_27_23_12_00_PST,https://storage.googleapis.com/noaa-passive-bioacoustic/dclde/2027/dclde_2027_killer_whales/orcasound/audio/bush_point/rpi-bush-point_2020_09_27_23_12_00.wav,DCLDE Orcasound full recording; source=rpi-bush-point_2020_09_27_23_12_00.wav; original_classes=AB+KW; ecotype=SRKW,dclde_orcasound_full_recording,100
resident,rpi_bush_point,2020_09_27_23_13_00_PST,https://storage.googleapis.com/noaa-passive-bioacoustic/dclde/2027/dclde_2027_killer_whales/orcasound/audio/bush_point/rpi-bush-point_2020_09_27_23_13_00.wav,DCLDE Orcasound full recording; source=rpi-bush-point_2020_09_27_23_13_00.wav; original_classes=AB+KW; ecotype=SRKW,dclde_orcasound_full_recording,100
resident,rpi_bush_point,2020_09_27_23_15_00_PST,https://storage.googleapis.com/noaa-passive-bioacoustic/dclde/2027/dclde_2027_killer_whales/orcasound/audio/bush_point/rpi-bush-point_2020_09_27_23_15_00.wav,DCLDE Orcasound full recording; source=rpi-bush-point_2020_09_27_23_15_00.wav; original_classes=AB+KW; ecotype=SRKW,dclde_orcasound_full_recording,100
resident,rpi_bush_point,2020_09_27_23_16_00_PST,https://storage.googleapis.com/noaa-passive-bioacoustic/dclde/2027/dclde_2027_killer_whales/orcasound/audio/bush_point/rpi-bush-point_2020_09_27_23_16_00.wav,DCLDE Orcasound full recording; source=rpi-bush-point_2020_09_27_23_16_00.wav; original_classes=AB+KW; ecotype=SRKW,dclde_orcasound_full_recording,100
resident,rpi_bush_point,2020_09_27_23_17_00_PST,https://storage.googleapis.com/noaa-passive-bioacoustic/dclde/2027/dclde_2027_killer_whales/orcasound/audio/bush_point/rpi-bush-point_2020_09_27_23_17_00.wav,DCLDE Orcasound full recording; source=rpi-bush-point_2020_09_27_23_17_00.wav; original_classes=AB+KW; ecotype=SRKW,dclde_orcasound_full_recording,100
resident,rpi_bush_point,2020_09_27_23_18_00_PST,https://storage.googleapis.com/noaa-passive-bioacoustic/dclde/2027/dclde_2027_killer_whales/orcasound/audio/bush_point/rpi-bush-point_2020_09_27_23_18_00.wav,DCLDE Orcasound full recording; source=rpi-bush-point_2020_09_27_23_18_00.wav; original_classes=AB+KW; ecotype=SRKW,dclde_orcasound_full_recording,100
resident,rpi_bush_point,2020_09_27_23_19_00_PST,https://storage.googleapis.com/noaa-passive-bioacoustic/dclde/2027/dclde_2027_killer_whales/orcasound/audio/bush_point/rpi-bush-point_2020_09_27_23_19_00.wav,DCLDE Orcasound full recording; source=rpi-bush-point_2020_09_27_23_19_00.wav; original_classes=AB+KW; ecotype=SRKW,dclde_orcasound_full_recording,100
resident,rpi_bush_point,2020_09_27_23_20_00_PST,https://storage.googleapis.com/noaa-passive-bioacoustic/dclde/2027/dclde_2027_killer_whales/orcasound/audio/bush_point/rpi-bush-point_2020_09_27_23_20_00.wav,DCLDE Orcasound full recording; source=rpi-bush-point_2020_09_27_23_20_00.wav; original_classes=AB+KW; ecotype=SRKW,dclde_orcasound_full_recording,100
resident,rpi_bush_point,2020_09_27_23_21_00_PST,https://storage.googleapis.com/noaa-passive-bioacoustic/dclde/2027/dclde_2027_killer_whales/orcasound/audio/bush_point/rpi-bush-point_2020_09_27_23_21_00.wav,DCLDE Orcasound full recording; source=rpi-bush-point_2020_09_27_23_21_00.wav; original_classes=AB+KW; ecotype=SRKW,dclde_orcasound_full_recording,100
resident,rpi_bush_point,2020_09_27_23_22_00_PST,https://storage.googleapis.com/noaa-passive-bioacoustic/dclde/2027/dclde_2027_killer_whales/orcasound/audio/bush_point/rpi-bush-point_2020_09_27_23_22_00.wav,DCLDE Orcasound full recording; source=rpi-bush-point_2020_09_27_23_22_00.wav; original_classes=AB+KW; ecotype=SRKW,dclde_orcasound_full_recording,100
resident,rpi_bush_point,2020_09_27_23_23_00_PST,https://storage.googleapis.com/noaa-passive-bioacoustic/dclde/2027/dclde_2027_killer_whales/orcasound/audio/bush_point/rpi-bush-point_2020_09_27_23_23_00.wav,DCLDE Orcasound full recording; source=rpi-bush-point_2020_09_27_23_23_00.wav; original_classes=AB+KW; ecotype=SRKW,dclde_orcasound_full_recording,100
resident,rpi_bush_point,2020_09_27_23_24_00_PST,https://storage.googleapis.com/noaa-passive-bioacoustic/dclde/2027/dclde_2027_killer_whales/orcasound/audio/bush_point/rpi-bush-point_2020_09_27_23_24_00.wav,DCLDE Orcasound full recording; source=rpi-bush-point_2020_09_27_23_24_00.wav; original_classes=AB+KW; ecotype=SRKW,dclde_orcasound_full_recording,100
resident,rpi_bush_point,2020_09_27_23_25_00_PST,https://storage.googleapis.com/noaa-passive-bioacoustic/dclde/2027/dclde_2027_killer_whales/orcasound/audio/bush_point/rpi-bush-point_2020_09_27_23_25_00.wav,DCLDE Orcasound full recording; source=rpi-bush-point_2020_09_27_23_25_00.wav; original_classes=AB+KW; ecotype=SRKW,dclde_orcasound_full_recording,100
resident,rpi_bush_point,2020_09_27_23_26_00_PST,https://storage.googleapis.com/noaa-passive-bioacoustic/dclde/2027/dclde_2027_killer_whales/orcasound/audio/bush_point/rpi-bush-point_2020_09_27_23_26_00.wav,DCLDE Orcasound full recording; source=rpi-bush-point_2020_09_27_23_26_00.wav; original_classes=AB+KW; ecotype=SRKW,dclde_orcasound_full_recording,100
resident,rpi_bush_point,2020_09_27_23_27_00_PST,https://storage.googleapis.com/noaa-passive-bioacoustic/dclde/2027/dclde_2027_killer_whales/orcasound/audio/bush_point/rpi-bush-point_2020_09_27_23_27_00.wav,DCLDE Orcasound full recording; source=rpi-bush-point_2020_09_27_23_27_00.wav; original_classes=AB+KW; ecotype=SRKW,dclde_orcasound_full_recording,100
resident,rpi_bush_point,2020_09_27_23_28_00_PST,https://storage.googleapis.com/noaa-passive-bioacoustic/dclde/2027/dclde_2027_killer_whales/orcasound/audio/bush_point/rpi-bush-point_2020_09_27_23_28_00.wav,DCLDE Orcasound full recording; source=rpi-bush-point_2020_09_27_23_28_00.wav; original_classes=AB+KW; ecotype=SRKW,dclde_orcasound_full_recording,100
resident,rpi_bush_point,2020_09_27_23_29_00_PST,https://storage.googleapis.com/noaa-passive-bioacoustic/dclde/2027/dclde_2027_killer_whales/orcasound/audio/bush_point/rpi-bush-point_2020_09_27_23_29_00.wav,DCLDE Orcasound full recording; source=rpi-bush-point_2020_09_27_23_29_00.wav; original_classes=AB+KW; ecotype=SRKW,dclde_orcasound_full_recording,100
resident,rpi_bush_point,2020_09_27_23_30_00_PST,https://storage.googleapis.com/noaa-passive-bioacoustic/dclde/2027/dclde_2027_killer_whales/orcasound/audio/bush_point/rpi-bush-point_2020_09_27_23_30_00.wav,DCLDE Orcasound full recording; source=rpi-bush-point_2020_09_27_23_30_00.wav; original_classes=AB+KW; ecotype=SRKW,dclde_orcasound_full_recording,100
resident,rpi_bush_point,2020_09_27_23_31_00_PST,https://storage.googleapis.com/noaa-passive-bioacoustic/dclde/2027/dclde_2027_killer_whales/orcasound/audio/bush_point/rpi-bush-point_2020_09_27_23_31_00.wav,DCLDE Orcasound full recording; source=rpi-bush-point_2020_09_27_23_31_00.wav; original_classes=AB+KW; ecotype=SRKW,dclde_orcasound_full_recording,100
resident,rpi_bush_point,2020_09_27_23_32_00_PST,https://storage.googleapis.com/noaa-passive-bioacoustic/dclde/2027/dclde_2027_killer_whales/orcasound/audio/bush_point/rpi-bush-point_2020_09_27_23_32_00.wav,DCLDE Orcasound full recording; source=rpi-bush-point_2020_09_27_23_32_00.wav; original_classes=AB+KW; ecotype=SRKW,dclde_orcasound_full_recording,100
resident,rpi_bush_point,2020_09_27_23_33_00_PST,https://storage.googleapis.com/noaa-passive-bioacoustic/dclde/2027/dclde_2027_killer_whales/orcasound/audio/bush_point/rpi-bush-point_2020_09_27_23_33_00.wav,DCLDE Orcasound full recording; source=rpi-bush-point_2020_09_27_23_33_00.wav; original_classes=AB+KW; ecotype=SRKW,dclde_orcasound_full_recording,100
resident,rpi_bush_point,2020_09_27_23_36_00_PST,https://storage.googleapis.com/noaa-passive-bioacoustic/dclde/2027/dclde_2027_killer_whales/orcasound/audio/bush_point/rpi-bush-point_2020_09_27_23_36_00.wav,DCLDE Orcasound full recording; source=rpi-bush-point_2020_09_27_23_36_00.wav; original_classes=AB+KW; ecotype=SRKW,dclde_orcasound_full_recording,100
resident,rpi_bush_point,2020_09_27_23_37_00_PST,https://storage.googleapis.com/noaa-passive-bioacoustic/dclde/2027/dclde_2027_killer_whales/orcasound/audio/bush_point/rpi-bush-point_2020_09_27_23_37_00.wav,DCLDE Orcasound full recording; source=rpi-bush-point_2020_09_27_23_37_00.wav; original_classes=AB+KW; ecotype=SRKW,dclde_orcasound_full_recording,100
resident,rpi_bush_point,2020_09_27_23_38_00_PST,https://storage.googleapis.com/noaa-passive-bioacoustic/dclde/2027/dclde_2027_killer_whales/orcasound/audio/bush_point/rpi-bush-point_2020_09_27_23_38_00.wav,DCLDE Orcasound full recording; source=rpi-bush-point_2020_09_27_23_38_00.wav; original_classes=AB+KW; ecotype=SRKW,dclde_orcasound_full_recording,100
resident,rpi_bush_point,2020_09_27_23_39_00_PST,https://storage.googleapis.com/noaa-passive-bioacoustic/dclde/2027/dclde_2027_killer_whales/orcasound/audio/bush_point/rpi-bush-point_2020_09_27_23_39_00.wav,DCLDE Orcasound full recording; source=rpi-bush-point_2020_09_27_23_39_00.wav; original_classes=AB+KW; ecotype=SRKW,dclde_orcasound_full_recording,100
resident,rpi_bush_point,2020_09_27_23_40_00_PST,https://storage.googleapis.com/noaa-passive-bioacoustic/dclde/2027/dclde_2027_killer_whales/orcasound/audio/bush_point/rpi-bush-point_2020_09_27_23_40_00.wav,DCLDE Orcasound full recording; source=rpi-bush-point_2020_09_27_23_40_00.wav; original_classes=AB+KW; ecotype=SRKW,dclde_orcasound_full_recording,100
resident,rpi_bush_point,2020_09_27_23_41_00_PST,https://storage.googleapis.com/noaa-passive-bioacoustic/dclde/2027/dclde_2027_killer_whales/orcasound/audio/bush_point/rpi-bush-point_2020_09_27_23_41_00.wav,DCLDE Orcasound full recording; source=rpi-bush-point_2020_09_27_23_41_00.wav; original_classes=AB+KW; ecotype=SRKW,dclde_orcasound_full_recording,100
resident,rpi_bush_point,2020_09_27_23_44_00_PST,https://storage.googleapis.com/noaa-passive-bioacoustic/dclde/2027/dclde_2027_killer_whales/orcasound/audio/bush_point/rpi-bush-point_2020_09_27_23_44_00.wav,DCLDE Orcasound full recording; source=rpi-bush-point_2020_09_27_23_44_00.wav; original_classes=AB+KW; ecotype=SRKW,dclde_orcasound_full_recording,100
resident,rpi_bush_point,2020_09_27_23_45_00_PST,https://storage.googleapis.com/noaa-passive-bioacoustic/dclde/2027/dclde_2027_killer_whales/orcasound/audio/bush_point/rpi-bush-point_2020_09_27_23_45_00.wav,DCLDE Orcasound full recording; source=rpi-bush-point_2020_09_27_23_45_00.wav; original_classes=AB+KW; ecotype=SRKW,dclde_orcasound_full_recording,100
resident,rpi_bush_point,2020_09_27_23_46_00_PST,https://storage.googleapis.com/noaa-passive-bioacoustic/dclde/2027/dclde_2027_killer_whales/orcasound/audio/bush_point/rpi-bush-point_2020_09_27_23_46_00.wav,DCLDE Orcasound full recording; source=rpi-bush-point_2020_09_27_23_46_00.wav; original_classes=AB+KW; ecotype=SRKW,dclde_orcasound_full_recording,100
resident,rpi_bush_point,2020_09_27_23_47_00_PST,https://storage.googleapis.com/noaa-passive-bioacoustic/dclde/2027/dclde_2027_killer_whales/orcasound/audio/bush_point/rpi-bush-point_2020_09_27_23_47_00.wav,DCLDE Orcasound full recording; source=rpi-bush-point_2020_09_27_23_47_00.wav; original_classes=AB+KW; ecotype=SRKW,dclde_orcasound_full_recording,100
resident,rpi_bush_point,2020_09_27_23_49_00_PST,https://storage.googleapis.com/noaa-passive-bioacoustic/dclde/2027/dclde_2027_killer_whales/orcasound/audio/bush_point/rpi-bush-point_2020_09_27_23_49_00.wav,DCLDE Orcasound full recording; source=rpi-bush-point_2020_09_27_23_49_00.wav; original_classes=AB+KW; ecotype=SRKW,dclde_orcasound_full_recording,100
resident,rpi_bush_point,2020_09_27_23_54_00_PST,https://storage.googleapis.com/noaa-passive-bioacoustic/dclde/2027/dclde_2027_killer_whales/orcasound/audio/bush_point/rpi-bush-point_2020_09_27_23_54_00.wav,DCLDE Orcasound full recording; source=rpi-bush-point_2020_09_27_23_54_00.wav; original_classes=AB+KW; ecotype=SRKW,dclde_orcasound_full_recording,100
resident,rpi_orcasound_lab,2020_09_01_15_14_00_PST,https://storage.googleapis.com/noaa-passive-bioacoustic/dclde/2027/dclde_2027_killer_whales/orcasound/audio/orcasound_lab/rpi-orcasound-lab_2020_09_01_15_14_00.wav,DCLDE Orcasound full recording; source=rpi-orcasound-lab_2020_09_01_15_14_00.wav; original_classes=KW; ecotype=SRKW,dclde_orcasound_full_recording,100
resident,rpi_orcasound_lab,2020_09_01_15_28_00_PST,https://storage.googleapis.com/noaa-passive-bioacoustic/dclde/2027/dclde_2027_killer_whales/orcasound/audio/orcasound_lab/rpi-orcasound-lab_2020_09_01_15_28_00.wav,DCLDE Orcasound full recording; source=rpi-orcasound-lab_2020_09_01_15_28_00.wav; original_classes=KW; ecotype=SRKW,dclde_orcasound_full_recording,100
resident,rpi_orcasound_lab,2020_09_01_15_29_00_PST,https://storage.googleapis.com/noaa-passive-bioacoustic/dclde/2027/dclde_2027_killer_whales/orcasound/audio/orcasound_lab/rpi-orcasound-lab_2020_09_01_15_29_00.wav,DCLDE Orcasound full recording; source=rpi-orcasound-lab_2020_09_01_15_29_00.wav; original_classes=AB+KW; ecotype=SRKW,dclde_orcasound_full_recording,100
resident,rpi_orcasound_lab,2020_09_01_15_30_00_PST,https://storage.googleapis.com/noaa-passive-bioacoustic/dclde/2027/dclde_2027_killer_whales/orcasound/audio/orcasound_lab/rpi-orcasound-lab_2020_09_01_15_30_00.wav,DCLDE Orcasound full recording; source=rpi-orcasound-lab_2020_09_01_15_30_00.wav; original_classes=AB+KW; ecotype=SRKW,dclde_orcasound_full_recording,100
resident,rpi_orcasound_lab,2020_09_01_15_32_00_PST,https://storage.googleapis.com/noaa-passive-bioacoustic/dclde/2027/dclde_2027_killer_whales/orcasound/audio/orcasound_lab/rpi-orcasound-lab_2020_09_01_15_32_00.wav,DCLDE Orcasound full recording; source=rpi-orcasound-lab_2020_09_01_15_32_00.wav; original_classes=AB+KW; ecotype=SRKW,dclde_orcasound_full_recording,100
resident,rpi_orcasound_lab,2020_09_01_15_33_00_PST,https://storage.googleapis.com/noaa-passive-bioacoustic/dclde/2027/dclde_2027_killer_whales/orcasound/audio/orcasound_lab/rpi-orcasound-lab_2020_09_01_15_33_00.wav,DCLDE Orcasound full recording; source=rpi-orcasound-lab_2020_09_01_15_33_00.wav; original_classes=KW; ecotype=SRKW,dclde_orcasound_full_recording,100
resident,rpi_orcasound_lab,2020_09_01_15_34_00_PST,https://storage.googleapis.com/noaa-passive-bioacoustic/dclde/2027/dclde_2027_killer_whales/orcasound/audio/orcasound_lab/rpi-orcasound-lab_2020_09_01_15_34_00.wav,DCLDE Orcasound full recording; source=rpi-orcasound-lab_2020_09_01_15_34_00.wav; original_classes=KW; ecotype=SRKW,dclde_orcasound_full_recording,100
resident,rpi_orcasound_lab,2020_09_01_15_37_00_PST,https://storage.googleapis.com/noaa-passive-bioacoustic/dclde/2027/dclde_2027_killer_whales/orcasound/audio/orcasound_lab/rpi-orcasound-lab_2020_09_01_15_37_00.wav,DCLDE Orcasound full recording; source=rpi-orcasound-lab_2020_09_01_15_37_00.wav; original_classes=KW; ecotype=SRKW,dclde_orcasound_full_recording,100
resident,rpi_orcasound_lab,2020_09_01_15_38_00_PST,https://storage.googleapis.com/noaa-passive-bioacoustic/dclde/2027/dclde_2027_killer_whales/orcasound/audio/orcasound_lab/rpi-orcasound-lab_2020_09_01_15_38_00.wav,DCLDE Orcasound full recording; source=rpi-orcasound-lab_2020_09_01_15_38_00.wav; original_classes=KW; ecotype=SRKW,dclde_orcasound_full_recording,100
resident,rpi_orcasound_lab,2020_09_01_15_46_00_PST,https://storage.googleapis.com/noaa-passive-bioacoustic/dclde/2027/dclde_2027_killer_whales/orcasound/audio/orcasound_lab/rpi-orcasound-lab_2020_09_01_15_46_00.wav,DCLDE Orcasound full recording; source=rpi-orcasound-lab_2020_09_01_15_46_00.wav; original_classes=KW; ecotype=SRKW,dclde_orcasound_full_recording,100
resident,rpi_orcasound_lab,2020_09_01_15_47_00_PST,https://storage.googleapis.com/noaa-passive-bioacoustic/dclde/2027/dclde_2027_killer_whales/orcasound/audio/orcasound_lab/rpi-orcasound-lab_2020_09_01_15_47_00.wav,DCLDE Orcasound full recording; source=rpi-orcasound-lab_2020_09_01_15_47_00.wav; original_classes=AB+KW; ecotype=SRKW,dclde_orcasound_full_recording,100
resident,rpi_orcasound_lab,2020_09_01_15_48_00_PST,https://storage.googleapis.com/noaa-passive-bioacoustic/dclde/2027/dclde_2027_killer_whales/orcasound/audio/orcasound_lab/rpi-orcasound-lab_2020_09_01_15_48_00.wav,DCLDE Orcasound full recording; source=rpi-orcasound-lab_2020_09_01_15_48_00.wav; original_classes=KW; ecotype=SRKW,dclde_orcasound_full_recording,100
resident,rpi_orcasound_lab,2020_09_01_15_54_00_PST,https://storage.googleapis.com/noaa-passive-bioacoustic/dclde/2027/dclde_2027_killer_whales/orcasound/audio/orcasound_lab/rpi-orcasound-lab_2020_09_01_15_54_00.wav,DCLDE Orcasound full recording; source=rpi-orcasound-lab_2020_09_01_15_54_00.wav; original_classes=KW; ecotype=SRKW,dclde_orcasound_full_recording,100
resident,rpi_orcasound_lab,2020_09_01_16_25_00_PST,https://storage.googleapis.com/noaa-passive-bioacoustic/dclde/2027/dclde_2027_killer_whales/orcasound/audio/orcasound_lab/rpi-orcasound-lab_2020_09_01_16_25_00.wav,DCLDE Orcasound full recording; source=rpi-orcasound-lab_2020_09_01_16_25_00.wav; original_classes=KW; ecotype=SRKW,dclde_orcasound_full_recording,100
resident,rpi_orcasound_lab,2020_09_01_16_34_00_PST,https://storage.googleapis.com/noaa-passive-bioacoustic/dclde/2027/dclde_2027_killer_whales/orcasound/audio/orcasound_lab/rpi-orcasound-lab_2020_09_01_16_34_00.wav,DCLDE Orcasound full recording; source=rpi-orcasound-lab_2020_09_01_16_34_00.wav; original_classes=KW; ecotype=SRKW,dclde_orcasound_full_recording,100
resident,rpi_orcasound_lab,2020_09_01_16_35_00_PST,https://storage.googleapis.com/noaa-passive-bioacoustic/dclde/2027/dclde_2027_killer_whales/orcasound/audio/orcasound_lab/rpi-orcasound-lab_2020_09_01_16_35_00.wav,DCLDE Orcasound full recording; source=rpi-orcasound-lab_2020_09_01_16_35_00.wav; original_classes=KW; ecotype=SRKW,dclde_orcasound_full_recording,100
resident,rpi_port_townsend,2020_09_29_19_05_00_PST,https://storage.googleapis.com/noaa-passive-bioacoustic/dclde/2027/dclde_2027_killer_whales/orcasound/audio/port_townsend/rpi-port-townsend_2020_09_29_19_05_00.wav,DCLDE Orcasound full recording; source=rpi-port-townsend_2020_09_29_19_05_00.wav; original_classes=AB+KW; ecotype=SRKW,dclde_orcasound_full_recording,100
resident,rpi_port_townsend,2020_09_29_19_06_00_PST,https://storage.googleapis.com/noaa-passive-bioacoustic/dclde/2027/dclde_2027_killer_whales/orcasound/audio/port_townsend/rpi-port-townsend_2020_09_29_19_06_00.wav,DCLDE Orcasound full recording; source=rpi-port-townsend_2020_09_29_19_06_00.wav; original_classes=AB+KW; ecotype=SRKW,dclde_orcasound_full_recording,100
resident,rpi_port_townsend,2020_09_29_19_07_00_PST,https://storage.googleapis.com/noaa-passive-bioacoustic/dclde/2027/dclde_2027_killer_whales/orcasound/audio/port_townsend/rpi-port-townsend_2020_09_29_19_07_00.wav,DCLDE Orcasound full recording; source=rpi-port-townsend_2020_09_29_19_07_00.wav; original_classes=AB+KW; ecotype=SRKW,dclde_orcasound_full_recording,100
resident,rpi_port_townsend,2020_09_29_19_09_00_PST,https://storage.googleapis.com/noaa-passive-bioacoustic/dclde/2027/dclde_2027_killer_whales/orcasound/audio/port_townsend/rpi-port-townsend_2020_09_29_19_09_00.wav,DCLDE Orcasound full recording; source=rpi-port-townsend_2020_09_29_19_09_00.wav; original_classes=AB+KW; ecotype=SRKW,dclde_orcasound_full_recording,100
resident,rpi_port_townsend,2020_09_29_19_10_00_PST,https://storage.googleapis.com/noaa-passive-bioacoustic/dclde/2027/dclde_2027_killer_whales/orcasound/audio/port_townsend/rpi-port-townsend_2020_09_29_19_10_00.wav,DCLDE Orcasound full recording; source=rpi-port-townsend_2020_09_29_19_10_00.wav; original_classes=AB+KW; ecotype=SRKW,dclde_orcasound_full_recording,100
resident,rpi_port_townsend,2020_09_29_19_11_00_PST,https://storage.googleapis.com/noaa-passive-bioacoustic/dclde/2027/dclde_2027_killer_whales/orcasound/audio/port_townsend/rpi-port-townsend_2020_09_29_19_11_00.wav,DCLDE Orcasound full recording; source=rpi-port-townsend_2020_09_29_19_11_00.wav; original_classes=AB+KW; ecotype=SRKW,dclde_orcasound_full_recording,100
resident,rpi_port_townsend,2020_09_29_19_12_00_PST,https://storage.googleapis.com/noaa-passive-bioacoustic/dclde/2027/dclde_2027_killer_whales/orcasound/audio/port_townsend/rpi-port-townsend_2020_09_29_19_12_00.wav,DCLDE Orcasound full recording; source=rpi-port-townsend_2020_09_29_19_12_00.wav; original_classes=AB+KW; ecotype=SRKW,dclde_orcasound_full_recording,100
resident,rpi_port_townsend,2020_09_29_19_13_00_PST,https://storage.googleapis.com/noaa-passive-bioacoustic/dclde/2027/dclde_2027_killer_whales/orcasound/audio/port_townsend/rpi-port-townsend_2020_09_29_19_13_00.wav,DCLDE Orcasound full recording; source=rpi-port-townsend_2020_09_29_19_13_00.wav; original_classes=AB+KW; ecotype=SRKW,dclde_orcasound_full_recording,100
resident,rpi_port_townsend,2020_09_29_19_14_00_PST,https://storage.googleapis.com/noaa-passive-bioacoustic/dclde/2027/dclde_2027_killer_whales/orcasound/audio/port_townsend/rpi-port-townsend_2020_09_29_19_14_00.wav,DCLDE Orcasound full recording; source=rpi-port-townsend_2020_09_29_19_14_00.wav; original_classes=AB+KW; ecotype=SRKW,dclde_orcasound_full_recording,100
resident,rpi_port_townsend,2020_09_29_19_15_00_PST,https://storage.googleapis.com/noaa-passive-bioacoustic/dclde/2027/dclde_2027_killer_whales/orcasound/audio/port_townsend/rpi-port-townsend_2020_09_29_19_15_00.wav,DCLDE Orcasound full recording; source=rpi-port-townsend_2020_09_29_19_15_00.wav; original_classes=AB+KW; ecotype=SRKW,dclde_orcasound_full_recording,100
resident,rpi_port_townsend,2020_09_29_19_16_00_PST,https://storage.googleapis.com/noaa-passive-bioacoustic/dclde/2027/dclde_2027_killer_whales/orcasound/audio/port_townsend/rpi-port-townsend_2020_09_29_19_16_00.wav,DCLDE Orcasound full recording; source=rpi-port-townsend_2020_09_29_19_16_00.wav; original_classes=AB+KW; ecotype=SRKW,dclde_orcasound_full_recording,100
resident,rpi_port_townsend,2020_09_29_19_17_00_PST,https://storage.googleapis.com/noaa-passive-bioacoustic/dclde/2027/dclde_2027_killer_whales/orcasound/audio/port_townsend/rpi-port-townsend_2020_09_29_19_17_00.wav,DCLDE Orcasound full recording; source=rpi-port-townsend_2020_09_29_19_17_00.wav; original_classes=AB+KW; ecotype=SRKW,dclde_orcasound_full_recording,100
resident,rpi_port_townsend,2020_09_29_19_19_00_PST,https://storage.googleapis.com/noaa-passive-bioacoustic/dclde/2027/dclde_2027_killer_whales/orcasound/audio/port_townsend/rpi-port-townsend_2020_09_29_19_19_00.wav,DCLDE Orcasound full recording; source=rpi-port-townsend_2020_09_29_19_19_00.wav; original_classes=AB+KW; ecotype=SRKW,dclde_orcasound_full_recording,100
resident,rpi_port_townsend,2020_09_29_19_20_00_PST,https://storage.googleapis.com/noaa-passive-bioacoustic/dclde/2027/dclde_2027_killer_whales/orcasound/audio/port_townsend/rpi-port-townsend_2020_09_29_19_20_00.wav,DCLDE Orcasound full recording; source=rpi-port-townsend_2020_09_29_19_20_00.wav; original_classes=AB+KW; ecotype=SRKW,dclde_orcasound_full_recording,100
resident,rpi_port_townsend,2020_09_29_19_21_00_PST,https://storage.googleapis.com/noaa-passive-bioacoustic/dclde/2027/dclde_2027_killer_whales/orcasound/audio/port_townsend/rpi-port-townsend_2020_09_29_19_21_00.wav,DCLDE Orcasound full recording; source=rpi-port-townsend_2020_09_29_19_21_00.wav; original_classes=AB+KW; ecotype=SRKW,dclde_orcasound_full_recording,100
resident,rpi_port_townsend,2020_09_29_19_23_00_PST,https://storage.googleapis.com/noaa-passive-bioacoustic/dclde/2027/dclde_2027_killer_whales/orcasound/audio/port_townsend/rpi-port-townsend_2020_09_29_19_23_00.wav,DCLDE Orcasound full recording; source=rpi-port-townsend_2020_09_29_19_23_00.wav; original_classes=AB+KW; ecotype=SRKW,dclde_orcasound_full_recording,100
resident,rpi_port_townsend,2020_09_29_19_25_00_PST,https://storage.googleapis.com/noaa-passive-bioacoustic/dclde/2027/dclde_2027_killer_whales/orcasound/audio/port_townsend/rpi-port-townsend_2020_09_29_19_25_00.wav,DCLDE Orcasound full recording; source=rpi-port-townsend_2020_09_29_19_25_00.wav; original_classes=AB+KW; ecotype=SRKW,dclde_orcasound_full_recording,100
resident,rpi_port_townsend,2020_09_29_19_27_00_PST,https://storage.googleapis.com/noaa-passive-bioacoustic/dclde/2027/dclde_2027_killer_whales/orcasound/audio/port_townsend/rpi-port-townsend_2020_09_29_19_27_00.wav,DCLDE Orcasound full recording; source=rpi-port-townsend_2020_09_29_19_27_00.wav; original_classes=AB+KW; ecotype=SRKW,dclde_orcasound_full_recording,100
resident,rpi_port_townsend,2020_09_29_19_29_00_PST,https://storage.googleapis.com/noaa-passive-bioacoustic/dclde/2027/dclde_2027_killer_whales/orcasound/audio/port_townsend/rpi-port-townsend_2020_09_29_19_29_00.wav,DCLDE Orcasound full recording; source=rpi-port-townsend_2020_09_29_19_29_00.wav; original_classes=AB+KW; ecotype=SRKW,dclde_orcasound_full_recording,100
resident,rpi_port_townsend,2020_09_29_19_30_00_PST,https://storage.googleapis.com/noaa-passive-bioacoustic/dclde/2027/dclde_2027_killer_whales/orcasound/audio/port_townsend/rpi-port-townsend_2020_09_29_19_30_00.wav,DCLDE Orcasound full recording; source=rpi-port-townsend_2020_09_29_19_30_00.wav; original_classes=AB+KW; ecotype=SRKW,dclde_orcasound_full_recording,100
resident,rpi_port_townsend,2020_09_29_19_31_00_PST,https://storage.googleapis.com/noaa-passive-bioacoustic/dclde/2027/dclde_2027_killer_whales/orcasound/audio/port_townsend/rpi-port-townsend_2020_09_29_19_31_00.wav,DCLDE Orcasound full recording; source=rpi-port-townsend_2020_09_29_19_31_00.wav; original_classes=AB+KW; ecotype=SRKW,dclde_orcasound_full_recording,100
resident,rpi_port_townsend,2020_09_29_19_32_00_PST,https://storage.googleapis.com/noaa-passive-bioacoustic/dclde/2027/dclde_2027_killer_whales/orcasound/audio/port_townsend/rpi-port-townsend_2020_09_29_19_32_00.wav,DCLDE Orcasound full recording; source=rpi-port-townsend_2020_09_29_19_32_00.wav; original_classes=AB+KW; ecotype=SRKW,dclde_orcasound_full_recording,100
resident,rpi_port_townsend,2020_09_29_19_33_00_PST,https://storage.googleapis.com/noaa-passive-bioacoustic/dclde/2027/dclde_2027_killer_whales/orcasound/audio/port_townsend/rpi-port-townsend_2020_09_29_19_33_00.wav,DCLDE Orcasound full recording; source=rpi-port-townsend_2020_09_29_19_33_00.wav; original_classes=AB+KW; ecotype=SRKW,dclde_orcasound_full_recording,100
resident,rpi_port_townsend,2020_09_29_19_36_00_PST,https://storage.googleapis.com/noaa-passive-bioacoustic/dclde/2027/dclde_2027_killer_whales/orcasound/audio/port_townsend/rpi-port-townsend_2020_09_29_19_36_00.wav,DCLDE Orcasound full recording; source=rpi-port-townsend_2020_09_29_19_36_00.wav; original_classes=AB+KW; ecotype=SRKW,dclde_orcasound_full_recording,100
